VAR1,VAR2,VAR3,VAR4,TRAITEMENT,CIBLE
,0,11.07678198,0.985791032,T1,1
,0,11.98093719,0.606120455,T1,1
,0,11.80088601,0.809459614,T1,1
7.233434042,7,24.46686808,0.990217265,T1,0
6.477909725,6,22.95581945,0.091320795,T1,1
7.647166558,7,25.29433312,0.507880693,T1,0
9.106442668,9,28.21288534,0.151323927,T1,0
6.530298961,6,23.06059792,0.314966774,T1,1
,0,10.26836454,0.659647612,T1,1
,0,10.88476896,0.543725448,T1,1
1.557569295,1,13.11513859,0.760978635,T1,0
4.728570464,4,19.45714093,0.9673813,T1,1
4.122308377,4,18.24461675,0.33088064,T1,1
2.823613845,2,15.64722769,0.558915162,T1,1
3.663616181,3,17.32723236,0.303470432,T1,0
7.410180171,7,24.82036034,0.700701753,T1,0
,0,10.35781251,0.817095986,T1,1
8.656964445,8,27.31392889,0.850345208,T1,1
4.40013335,4,18.8002667,0.461553741,T1,1
8.470639352,8,26.9412787,0.047874088,T1,1
2.804942733,2,15.60988547,0.716080943,T1,1
5.218044891,5,20.43608978,0.24431598,T1,0
7.862353739,7,25.72470748,0.676285442,T1,0
8.322340646,8,26.64468129,0.660411073,T1,1
2.34433799,2,14.68867598,0.225693671,T1,1
8.449476755,8,26.89895351,0.521112872,T1,1
9.563399091,9,29.12679818,0.269064686,T1,0
7.277934999,7,24.55587,0.087927929,T1,0
,0,10.34545435,0.655946315,T1,1
6.838835514,6,23.67767103,0.531493922,T1,1
9.352523302,9,28.7050466,0.899728615,T1,0
3.697935561,3,17.39587112,0.783946463,T1,0
1.526084822,1,13.05216964,0.138742516,T1,0
1.715685228,1,13.43137046,0.255863629,T1,0
4.201034886,4,18.40206977,0.016785395,T1,1
3.293227333,3,16.58645467,0.709419035,T1,0
4.731469079,4,19.46293816,0.466958781,T1,1
1.40913739,1,12.81827478,0.69303801,T1,0
8.424890042,8,26.84978008,0.213395675,T1,1
2.216736877,2,14.43347375,0.150468858,T1,1
1.318823607,1,12.63764721,0.863019917,T1,0
4.136711416,4,18.27342283,0.052590021,T1,1
5.966031037,5,21.93206207,0.183902454,T1,0
6.709307176,6,23.41861435,0.593980379,T1,1
3.692496601,3,17.3849932,0.940619215,T1,0
6.022069213,6,22.04413843,0.067903859,T1,1
6.990378955,6,23.98075791,0.328930914,T1,1
2.877465935,2,15.75493187,0.393259258,T1,1
5.831119339,5,21.66223868,0.614819005,T1,0
,0,10.44000215,0.121958926,T1,1
9.340354965,9,28.68070993,0.096751062,T1,0
5.376990201,5,20.7539804,0.811973086,T1,0
9.985262225,9,29.97052445,0.988480675,T1,0
6.142697472,6,22.28539494,0.248852022,T1,1
8.317625755,8,26.63525151,0.463965582,T1,1
6.987027993,6,23.97405599,0.108454503,T1,1
2.412854636,2,14.82570927,0.884486209,T1,1
4.765110532,4,19.53022106,0.641919935,T1,1
8.290416149,8,26.5808323,0.099901511,T1,1
7.279940432,7,24.55988086,0.439247151,T1,0
,0,11.83958679,0.578832493,T1,1
9.768935413,9,29.53787083,0.785617998,T1,0
4.743504732,4,19.48700946,0.50349049,T1,1
7.619722835,7,25.23944567,0.295185145,T1,0
,0,10.93811014,0.530391108,T1,1
4.475239236,4,18.95047847,0.85755372,T1,1
7.764447193,7,25.52889439,0.336368511,T1,0
2.513005581,2,15.02601116,0.800303627,T1,1
7.904768804,7,25.80953761,0.323738614,T1,0
3.614884498,3,17.229769,0.903909371,T1,0
,0,10.49366645,0.334388563,T1,1
6.89751743,6,23.79503486,0.936259744,T1,1
1.817962849,1,13.6359257,0.604687353,T1,0
9.058586736,9,28.11717347,0.752455371,T1,0
7.582565904,7,25.16513181,0.907187608,T1,0
9.914061419,9,29.82812284,0.725647438,T1,0
4.895626714,4,19.79125343,0.371633296,T1,1
2.588653695,2,15.17730739,0.472687395,T1,1
,0,10.89281832,0.07366577,T1,1
9.824513092,9,29.64902618,0.236278028,T1,0
6.721154032,6,23.44230806,0.460597259,T1,1
8.381936795,8,26.76387359,0.974096828,T1,1
7.548689818,7,25.09737964,0.506680216,T1,0
7.978183813,7,25.95636763,0.741986256,T1,0
2.234074248,2,14.4681485,0.881060077,T1,1
3.151586516,3,16.30317303,0.699208372,T1,0
7.164947717,7,24.32989543,0.276090146,T1,0
4.64259765,4,19.2851953,0.911557557,T1,1
8.969459374,8,27.93891875,0.630615539,T1,1
3.925668363,3,17.85133673,0.14872169,T1,0
6.2588965,6,22.517793,0.634981358,T1,1
9.964516752,9,29.9290335,0.71447966,T1,0
,0,10.19941398,0.154898109,T1,1
8.555937135,8,27.11187427,0.772829701,T1,1
4.371366483,4,18.74273297,0.428925757,T1,1
7.284164686,7,24.56832937,0.495638786,T1,0
3.493630169,3,16.98726034,0.38670305,T1,0
7.812721882,7,25.62544376,0.006837891,T1,0
8.479281005,8,26.95856201,0.025677153,T1,1
5.134434918,5,20.26886984,0.832890469,T1,0
6.317477137,6,22.63495427,0.985747356,T1,1
1.958026026,1,13.91605205,0.146097987,T1,0
2.624791304,2,15.24958261,0.126442605,T1,1
5.474443761,5,20.94888752,0.336375857,T1,0
8.951877667,8,27.90375533,0.351774282,T1,1
3.450759997,3,16.90151999,0.985193563,T1,0
2.413628508,2,14.82725702,0.158555496,T1,1
4.836939258,4,19.67387852,0.059173788,T1,1
9.75137746,9,29.50275492,0.943664748,T1,0
5.867727284,5,21.73545457,0.054068637,T1,0
7.77703762,7,25.55407524,0.579376395,T1,0
5.609824206,5,21.21964841,0.322156349,T1,0
2.612488297,2,15.22497659,0.206274076,T1,1
7.871877122,7,25.74375424,0.642318249,T1,0
4.453175183,4,18.90635037,0.427453702,T1,1
7.106492195,7,24.21298439,0.140736373,T1,0
5.84187717,5,21.68375434,0.079433792,T1,0
2.198723587,2,14.39744717,0.168816085,T1,1
7.178796643,7,24.35759329,0.800959501,T1,0
7.074512708,7,24.14902542,0.600282378,T1,0
3.236631682,3,16.47326336,0.919255499,T1,0
5.475113749,5,20.9502275,0.925232284,T1,0
3.638927856,3,17.27785571,0.689517668,T1,0
,0,10.78844928,0.570309958,T1,1
4.726958134,4,19.45391627,0.949002994,T1,1
7.029594152,7,24.0591883,0.268200421,T1,0
1.845317718,1,13.69063544,0.810417844,T1,0
1.274529798,1,12.5490596,0.580273551,T1,0
1.598477653,1,13.19695531,0.604126223,T1,0
3.61348674,3,17.22697348,0.148893097,T1,0
4.437281076,4,18.87456215,0.273550546,T1,1
,0,11.31642647,0.038858271,T1,1
3.339183445,3,16.67836689,0.979931315,T1,0
5.18437709,5,20.36875418,0.306285562,T1,0
,0,10.19602044,0.846629549,T1,1
6.956444482,6,23.91288896,0.106595492,T1,1
2.696935408,2,15.39387082,0.347188248,T1,1
9.683593671,9,29.36718734,0.346016033,T1,0
7.877163536,7,25.75432707,0.112771686,T1,0
3.128093024,3,16.25618605,0.24473135,T1,0
2.755153342,2,15.51030668,0.178491761,T1,1
5.415741071,5,20.83148214,0.223264704,T1,0
1.18949402,1,12.37898804,0.086683959,T1,0
6.765253756,6,23.53050751,0.343413929,T1,1
1.785820652,1,13.5716413,0.45184363,T1,0
2.886395538,2,15.77279108,0.993914725,T1,1
4.376278111,4,18.75255622,0.62920923,T1,1
3.012757369,3,16.02551474,0.497368006,T1,0
6.480145947,6,22.96029189,0.291177493,T1,1
,0,11.38544499,0.484458231,T1,1
9.250154263,9,28.50030853,0.558563399,T1,0
7.518585448,7,25.0371709,0.808442883,T1,0
8.650043301,8,27.3000866,0.23741774,T1,1
,0,11.34263711,0.827078499,T1,1
2.805254177,2,15.61050835,0.661955882,T1,1
8.485563568,8,26.97112714,0.50982528,T1,1
4.712818193,4,19.42563639,0.015245215,T1,1
4.704607473,4,19.40921495,0.646588376,T1,1
3.862008816,3,17.72401763,0.481220657,T1,0
1.475732328,1,12.95146466,0.186165678,T1,0
7.525274976,7,25.05054995,0.01689299,T1,0
1.362695831,1,12.72539166,0.597974355,T1,0
7.17791736,7,24.35583472,0.254897838,T1,0
6.811316551,6,23.6226331,0.45772528,T1,1
9.313334309,9,28.62666862,0.586367234,T1,0
3.194183487,3,16.38836697,0.564603248,T1,0
1.183261261,1,12.36652252,0.970213998,T1,0
9.833989542,9,29.66797908,0.580250275,T1,0
9.905839248,9,29.8116785,0.476542865,T1,0
5.958913594,5,21.91782719,0.977629757,T1,0
8.98260105,8,27.9652021,0.362925904,T1,1
6.259118776,6,22.51823755,0.699905032,T1,1
6.297479618,6,22.59495924,0.78366123,T1,1
1.738729227,1,13.47745845,0.231257885,T1,0
3.291521426,3,16.58304285,0.043964442,T1,0
1.962724407,1,13.92544881,0.890648209,T1,0
7.026263745,7,24.05252749,0.174639258,T1,0
,0,10.0130625,0.978523193,T1,1
4.798748807,4,19.59749761,0.294428426,T1,1
3.539571317,3,17.07914263,0.359324925,T1,0
,0,10.34769473,0.309363718,T1,1
2.378944179,2,14.75788836,0.071886511,T1,1
1.768867264,1,13.53773453,0.691577828,T1,0
2.806611259,2,15.61322252,0.99758226,T1,1
4.900303452,4,19.8006069,0.27984074,T1,1
4.800044378,4,19.60008876,0.599219236,T1,1
,0,11.97351311,0.752545525,T1,1
1.374987582,1,12.74997516,0.410599287,T1,0
5.451363681,5,20.90272736,0.855996711,T1,0
1.901072164,1,13.80214433,0.68513865,T1,0
5.720878411,5,21.44175682,0.839645974,T1,0
2.136966752,2,14.2739335,0.122997269,T1,1
2.816000599,2,15.6320012,0.75107519,T1,1
6.640287804,6,23.28057561,0.874830809,T1,1
9.358831672,9,28.71766334,0.156885488,T1,0
6.861437638,6,23.72287528,0.292137858,T1,1
5.871097021,5,21.74219404,0.583266877,T1,0
6.396036526,6,22.79207305,0.520615177,T1,1
1.221330697,1,12.44266139,0.869552982,T1,0
,0,10.2083213,0.014787597,T1,1
1.188294596,1,12.37658919,0.632567851,T1,0
9.023490958,9,28.04698192,0.065227904,T1,0
5.206835971,5,20.41367194,0.561853149,T1,0
,0,10.66017657,0.64501107,T1,1
2.918883,2,15.837766,0.84388459,T1,1
2.957055453,2,15.91411091,0.41889622,T1,1
1.492817275,1,12.98563455,0.538406732,T1,0
5.106750652,5,20.2135013,0.426255723,T1,0
5.317145635,5,20.63429127,0.431780118,T1,0
5.608649349,5,21.2172987,0.271428246,T1,0
9.993896013,9,29.98779203,0.39454874,T1,0
,0,11.44518333,0.513385035,T1,1
4.145186405,4,18.29037281,0.528405309,T1,1
8.04563638,8,26.09127276,0.333805752,T1,1
4.782825326,4,19.56565065,0.358623756,T1,1
4.355617196,4,18.71123439,0.547971417,T1,1
1.835409622,1,13.67081924,0.97975296,T1,0
2.853942158,2,15.70788432,0.074392551,T1,1
8.957488638,8,27.91497728,0.709197831,T1,1
4.802882719,4,19.60576544,0.370867957,T1,1
1.680381694,1,13.36076339,0.723609876,T1,0
,0,11.89891357,0.191750278,T1,1
8.317024389,8,26.63404878,0.472246453,T1,1
2.014178442,2,14.02835688,0.04760947,T1,1
7.819584746,7,25.63916949,0.416369288,T1,0
8.390702839,8,26.78140568,0.099191508,T1,1
3.224840171,3,16.44968034,0.095479411,T1,0
1.061575993,1,12.12315199,0.377221354,T1,0
2.667020137,2,15.33404027,0.256378582,T1,1
5.000317219,5,20.00063444,0.669408439,T1,0
5.713387266,5,21.42677453,0.502304778,T1,0
4.300391631,4,18.60078326,0.645134146,T1,1
3.478675821,3,16.95735164,0.88320809,T1,0
8.809932284,8,27.61986457,0.155030712,T1,1
2.350508482,2,14.70101696,0.129220312,T1,1
2.300635475,2,14.60127095,0.65364612,T1,1
4.345391001,4,18.690782,0.654922813,T1,1
7.426945564,7,24.85389113,0.2500997,T1,0
5.925024348,5,21.8500487,0.135269653,T1,0
6.924455661,6,23.84891132,0.020959147,T1,1
4.738155203,4,19.47631041,0.53296272,T1,1
9.735908568,9,29.47181714,0.174410401,T1,0
6.485743284,6,22.97148657,0.817048821,T1,1
7.202950237,7,24.40590047,0.849679456,T1,0
8.414763691,8,26.82952738,0.039982678,T1,1
3.615062426,3,17.23012485,0.748938258,T1,0
5.811927635,5,21.62385527,0.383485243,T1,0
9.64490953,9,29.28981906,0.122732852,T1,0
3.224426386,3,16.44885277,0.324721547,T1,0
8.082943235,8,26.16588647,0.828571695,T1,1
3.907166838,3,17.81433368,0.460874963,T1,0
6.192353548,6,22.3847071,0.676571426,T1,1
5.150595521,5,20.30119104,0.522125267,T1,0
9.052818654,9,28.10563731,0.402624012,T1,0
7.995309871,7,25.99061974,0.607370872,T1,0
8.777733755,8,27.55546751,0.93378581,T1,1
2.994605138,2,15.98921028,0.963817902,T1,1
9.95101031,9,29.90202062,0.491319816,T1,0
,0,10.59781776,0.515075578,T1,1
8.902853839,8,27.80570768,0.223921477,T1,1
8.117353376,8,26.23470675,0.023917022,T1,1
6.392618052,6,22.7852361,0.297969439,T1,1
3.457223449,3,16.9144469,0.326326437,T1,0
,0,10.15071025,0.755878565,T1,1
6.212001006,6,22.42400201,0.168379488,T1,1
1.57365807,1,13.14731614,0.319629293,T1,0
1.415939077,1,12.83187815,0.960929951,T1,0
2.502828865,2,15.00565773,0.623140121,T1,1
3.547746515,3,17.09549303,0.981119767,T1,0
2.213714301,2,14.4274286,0.320539178,T1,1
,0,11.41336369,0.414149543,T1,1
7.481276856,7,24.96255371,0.353218518,T1,0
4.649858922,4,19.29971784,0.691475761,T1,1
1.64978306,1,13.29956612,0.18828468,T1,0
8.58861108,8,27.17722216,0.411781816,T1,1
,0,11.93111065,0.200801819,T1,1
3.190003399,3,16.3800068,0.888269958,T1,0
7.950555624,7,25.90111125,0.723549749,T1,0
5.695897598,5,21.3917952,0.790710247,T1,0
6.175393857,6,22.35078771,0.815944624,T1,1
3.431729063,3,16.86345813,0.184363304,T1,0
1.37269308,1,12.74538616,0.00123534,T1,0
3.520479914,3,17.04095983,0.555567631,T1,0
6.325485536,6,22.65097107,0.400902271,T1,1
6.020172554,6,22.04034511,0.802118665,T1,1
2.882688108,2,15.76537622,0.555160039,T1,1
,0,10.46291749,0.505357364,T1,1
3.664784756,3,17.32956951,0.43503956,T1,0
8.619403617,8,27.23880723,0.365126856,T1,1
9.442599069,9,28.88519814,0.344866395,T1,0
3.496083824,3,16.99216765,0.085393443,T1,0
9.718709668,9,29.43741934,0.128553869,T1,0
3.117175102,3,16.2343502,0.059490684,T1,0
,0,11.5630267,0.711246531,T1,1
4.697008833,4,19.39401767,0.955578733,T1,1
6.579157003,6,23.15831401,0.053687946,T1,1
8.310777833,8,26.62155567,0.788852182,T1,1
2.030522407,2,14.06104481,0.957113523,T1,1
,0,11.87066675,0.527169073,T1,1
9.567378653,9,29.13475731,0.123531508,T1,0
,0,10.33206437,0.667579407,T1,1
2.605694096,2,15.21138819,0.292033374,T1,1
5.072428728,5,20.14485746,0.213437053,T1,0
3.443393547,3,16.88678709,0.444497111,T1,0
4.241266912,4,18.48253382,0.983347162,T1,1
,0,10.1962139,0.691978399,T1,1
4.988485972,4,19.97697194,0.005976973,T1,1
5.865173646,5,21.73034729,0.936918432,T1,0
8.489914812,8,26.97982962,0.607246371,T1,1
6.807469421,6,23.61493884,0.041948279,T1,1
3.424113418,3,16.84822684,0.029961919,T1,0
7.710561742,7,25.42112348,0.845487358,T1,0
3.437612466,3,16.87522493,0.386639985,T1,0
1.719450463,1,13.43890093,0.733575691,T1,0
4.793926962,4,19.58785392,0.370416151,T1,1
3.808878357,3,17.61775671,0.672072244,T1,0
8.484313765,8,26.96862753,0.082930098,T1,1
3.019323896,3,16.03864779,0.277576487,T1,0
,0,11.01761626,0.616580387,T1,1
9.069448201,9,28.1388964,0.913066559,T1,0
5.477255401,5,20.9545108,0.241583437,T1,0
,0,10.2323156,0.623474247,T1,1
1.446435123,1,12.89287025,0.104891322,T1,0
2.203223176,2,14.40644635,0.919142259,T1,1
1.025707455,1,12.05141491,0.679068887,T1,0
,0,11.85454062,0.665955425,T1,1
9.120849811,9,28.24169962,0.572869375,T1,0
4.371785961,4,18.74357192,0.271456513,T1,1
,0,11.87691512,0.102250476,T1,1
4.705906748,4,19.4118135,0.091722702,T1,1
7.066283768,7,24.13256754,0.994053684,T1,0
1.968779317,1,13.93755863,0.818409787,T1,0
4.678869905,4,19.35773981,0.267126231,T1,1
5.763073325,5,21.52614665,0.590553224,T1,0
6.130578695,6,22.26115739,0.524511657,T1,1
8.168394334,8,26.33678867,0.863030426,T1,1
6.01647349,6,22.03294698,0.880721517,T1,1
4.121215958,4,18.24243192,0.428768382,T1,1
3.849768977,3,17.69953795,0.416393366,T1,0
9.497686756,9,28.99537351,0.120755783,T1,0
7.282224052,7,24.5644481,0.366067196,T1,0
3.27372254,3,16.54744508,0.291354528,T1,0
7.618777391,7,25.23755478,0.649946397,T1,0
3.634639398,3,17.2692788,0.023770015,T1,0
6.224160004,6,22.44832001,0.270342933,T1,1
7.217784263,7,24.43556853,0.486597045,T1,0
7.155548888,7,24.31109778,0.493340365,T1,0
7.049401052,7,24.0988021,0.265259682,T1,0
,0,10.93161153,0.5171866,T1,1
3.832008347,3,17.66401669,0.989521387,T1,0
2.821233297,2,15.64246659,0.076042913,T1,1
7.458587996,7,24.91717599,0.224429619,T1,0
,0,10.07604238,0.206176278,T1,1
7.781096685,7,25.56219337,0.312827647,T1,0
2.607541169,2,15.21508234,0.234978636,T1,1
8.844098045,8,27.68819609,0.513352918,T1,1
2.616501626,2,15.23300325,0.95663876,T1,1
5.58987285,5,21.1797457,0.95210726,T1,0
6.132813085,6,22.26562617,0.193809295,T1,1
6.219120769,6,22.43824154,0.469780929,T1,1
5.298552068,5,20.59710414,0.698187316,T1,0
3.356919157,3,16.71383831,0.124209621,T1,0
7.519674432,7,25.03934886,0.747881274,T1,0
3.383309019,3,16.76661804,0.594671211,T1,0
6.263357547,6,22.52671509,0.226859981,T1,1
8.816451067,8,27.63290213,0.316228879,T1,1
4.426940526,4,18.85388105,0.503675958,T1,1
7.473951168,7,24.94790234,0.429501165,T1,0
7.781080089,7,25.56216018,0.320581996,T1,0
3.450984658,3,16.90196932,0.363361959,T1,0
6.013245661,6,22.02649132,0.056713544,T1,1
8.025436524,8,26.05087305,0.053546158,T1,1
8.306578077,8,26.61315615,0.404077706,T1,1
6.667169313,6,23.33433863,0.301914421,T1,1
2.742776023,2,15.48555205,0.528392606,T1,1
9.124860719,9,28.24972144,0.920677161,T1,0
5.073584297,5,20.14716859,0.055169129,T1,0
5.639782287,5,21.27956457,0.860017257,T1,0
2.264299276,2,14.52859855,0.852502195,T1,1
5.847903087,5,21.69580617,0.98552031,T1,0
9.409536712,9,28.81907342,0.868735405,T1,0
3.400949053,3,16.80189811,0.486676933,T1,0
5.790308297,5,21.58061659,0.900094168,T1,0
8.047722768,8,26.09544554,0.963693117,T1,1
7.325767518,7,24.65153504,0.330847338,T1,0
5.552514662,5,21.10502932,0.944240575,T1,0
8.659217163,8,27.31843433,0.87883979,T1,1
7.443621079,7,24.88724216,0.646305786,T1,0
5.721826185,5,21.44365237,0.944360303,T1,0
7.304893352,7,24.6097867,0.057949059,T1,0
7.003296369,7,24.00659274,0.357101179,T1,0
,0,11.55537753,0.104661932,T1,1
8.58194622,8,27.16389244,0.986005065,T1,1
8.584691531,8,27.16938306,0.717198987,T1,1
9.033286489,9,28.06657298,0.791112016,T1,0
,0,10.58106026,0.522663072,T1,1
5.614143367,5,21.22828673,0.458175121,T1,0
5.089993549,5,20.1799871,0.629845168,T1,0
4.731638222,4,19.46327644,0.022218542,T1,1
9.830433382,9,29.66086676,0.658067705,T1,0
2.315360896,2,14.63072179,0.019944956,T1,1
2.74713747,2,15.49427494,0.832575482,T1,1
9.102853164,9,28.20570633,0.590401826,T1,0
3.09963585,3,16.1992717,0.141165484,T1,0
4.240317619,4,18.48063524,0.64503985,T1,1
4.98982233,4,19.97964466,0.363914353,T1,1
8.742267481,8,27.48453496,0.378463665,T1,1
1.380783896,1,12.76156779,0.483644602,T1,0
2.237989151,2,14.4759783,0.77333382,T1,1
3.400227573,3,16.80045515,0.197719333,T1,0
9.649838431,9,29.29967686,0.980716739,T1,0
3.117706444,3,16.23541289,0.493082701,T1,0
4.379428511,4,18.75885702,0.546240526,T1,1
1.918123219,1,13.83624644,0.976472814,T1,0
9.697521126,9,29.39504225,0.185749381,T1,0
4.283868419,4,18.56773684,0.009669615,T1,1
,0,11.31733403,0.527991123,T1,1
2.830252335,2,15.66050467,0.897075483,T1,1
9.582044695,9,29.16408939,0.662797263,T1,0
8.564831886,8,27.12966377,0.715126618,T1,1
1.778816672,1,13.55763334,0.31288691,T1,0
2.986343851,2,15.9726877,0.014559213,T1,1
3.263339494,3,16.52667899,0.013066205,T1,0
,0,11.43392631,0.965163115,T1,1
3.255544126,3,16.51108825,0.432775898,T1,0
6.485153907,6,22.97030781,0.858592915,T1,1
4.375701008,4,18.75140202,0.053371022,T1,1
2.061079296,2,14.12215859,0.959680365,T1,1
7.959249674,7,25.91849935,0.643417777,T1,0
3.625311533,3,17.25062307,0.357933736,T1,0
7.033884639,7,24.06776928,0.152726679,T1,0
,0,10.29034022,0.850022171,T1,1
5.447692343,5,20.89538469,0.596304854,T1,0
,0,11.53681084,0.067049444,T1,1
7.751478538,7,25.50295708,0.277179225,T1,0
6.033623816,6,22.06724763,0.356222955,T1,1
8.925778127,8,27.85155625,0.105234467,T1,1
6.483918051,6,22.9678361,0.102949497,T1,1
7.905843646,7,25.81168729,0.065084509,T1,0
8.691765727,8,27.38353145,0.277592585,T1,1
3.284383409,3,16.56876682,0.47554452,T1,0
3.243937676,3,16.48787535,0.869737221,T1,0
4.692040841,4,19.38408168,0.242923349,T1,1
1.544519957,1,13.08903991,0.765524636,T1,0
4.186380469,4,18.37276094,0.112241459,T1,1
2.849420875,2,15.69884175,0.424879977,T1,1
6.381496668,6,22.76299334,0.464175781,T1,1
6.613836873,6,23.22767375,0.455119384,T1,1
6.604673375,6,23.20934675,0.119095413,T1,1
6.918851737,6,23.83770347,0.348192376,T1,1
1.519315986,1,13.03863197,0.389180592,T1,0
4.551127653,4,19.10225531,0.01991926,T1,1
7.864961182,7,25.72992236,0.103633556,T1,0
3.047711036,3,16.09542207,0.433644978,T1,0
3.118206619,3,16.23641324,0.635206128,T1,0
5.457043784,5,20.91408757,0.128890678,T1,0
1.944511999,1,13.889024,0.920202964,T1,0
8.643689072,8,27.28737814,0.05261545,T1,1
5.01407564,5,20.02815128,0.884146411,T1,0
4.117512289,4,18.23502458,0.668639411,T1,1
6.850951647,6,23.70190329,0.571117826,T1,1
9.895289607,9,29.79057921,0.109016382,T1,0
5.366454862,5,20.73290972,0.730330642,T1,0
,0,10.5770474,0.045141447,T1,1
,0,10.33101114,0.067588393,T1,1
1.765778898,1,13.5315578,0.047209226,T1,0
,0,10.28706789,0.389031841,T1,1
8.184670418,8,26.36934084,0.910930826,T1,1
9.824928047,9,29.64985609,0.313758571,T1,0
9.221959482,9,28.44391896,0.703737526,T1,0
,0,11.30269855,0.796693463,T1,1
2.267067787,2,14.53413557,0.444780603,T1,1
4.047652922,4,18.09530584,0.035658382,T1,1
2.530449132,2,15.06089826,0.509822664,T1,1
,0,10.75561238,0.091994674,T1,1
9.694369107,9,29.38873821,0.21178786,T1,0
6.932290095,6,23.86458019,0.995542034,T1,1
7.910233143,7,25.82046629,0.617598776,T1,0
7.622578957,7,25.24515791,0.238214196,T1,0
2.834220731,2,15.66844146,0.619230036,T1,1
2.116725043,2,14.23345009,0.539857333,T1,1
2.46739497,2,14.93478994,0.30017347,T1,1
4.0434093,4,18.0868186,0.625776047,T1,1
6.578696267,6,23.15739253,0.264661628,T1,1
8.062622048,8,26.1252441,0.643050054,T1,1
1.071064169,1,12.14212834,0.903585641,T1,0
8.324746318,8,26.64949264,0.138441909,T1,1
2.998111291,2,15.99622258,0.203728901,T1,1
,0,10.14376328,0.212202828,T1,1
5.509709035,5,21.01941807,0.15824144,T1,0
9.274234559,9,28.54846912,0.752706084,T1,0
5.099019882,5,20.19803976,0.081180516,T1,0
5.866105299,5,21.7322106,0.315421945,T1,0
3.937351689,3,17.87470338,0.334626111,T1,0
8.614997508,8,27.22999502,0.610128969,T1,1
4.662389154,4,19.32477831,0.05502499,T1,1
3.42871925,3,16.8574385,0.812950753,T1,0
1.49099463,1,12.98198926,0.828873992,T1,0
2.397677219,2,14.79535444,0.982266214,T1,1
8.559545203,8,27.11909041,0.376523263,T1,1
7.700435652,7,25.4008713,0.486965307,T1,0
,0,11.46027772,0.818336541,T1,1
1.170469375,1,12.34093875,0.168852596,T1,0
8.358810154,8,26.71762031,0.325532336,T1,1
1.220909119,1,12.44181824,0.764471598,T1,0
,0,10.54706871,0.264730807,T1,1
5.278469618,5,20.55693924,0.096624548,T1,0
3.702671177,3,17.40534235,0.820336272,T1,0
8.716155493,8,27.43231099,0.81314246,T1,1
,0,10.56336741,0.413136206,T1,1
,0,11.2207713,0.296317256,T1,1
5.731758876,5,21.46351775,0.214653504,T1,0
4.771925867,4,19.54385173,0.859285509,T1,1
2.296137499,2,14.592275,0.2434429,T1,1
4.171816261,4,18.34363252,0.167939814,T1,1
3.809503835,3,17.61900767,0.640421831,T1,0
9.574331388,9,29.14866278,0.873471048,T1,0
8.240942866,8,26.48188573,0.397258506,T1,1
6.762766563,6,23.52553313,0.326846017,T1,1
1.664925872,1,13.32985174,0.990546963,T1,0
9.673338558,9,29.34667712,0.631889978,T1,0
3.398259011,3,16.79651802,0.280855885,T1,0
1.602147158,1,13.20429432,0.185543822,T1,0
6.2111421,6,22.4222842,0.800089552,T1,1
6.782357555,6,23.56471511,0.576312906,T1,1
1.877737675,1,13.75547535,0.850606647,T1,0
3.801840454,3,17.60368091,0.903990287,T1,0
1.903198602,1,13.8063972,0.723520577,T1,0
4.798252819,4,19.59650564,0.602891664,T1,1
5.24695242,5,20.49390484,0.770340253,T1,0
7.952073954,7,25.90414791,0.476744394,T1,0
,0,11.50568232,0.988766469,T1,1
6.608246977,6,23.21649395,0.347191379,T1,1
5.891793415,5,21.78358683,0.187112504,T1,0
7.076945336,7,24.15389067,0.283402104,T1,0
9.799126593,9,29.59825319,0.213862836,T1,0
4.248951338,4,18.49790268,0.271552459,T1,1
7.452248899,7,24.9044978,0.141404353,T1,0
8.223726257,8,26.44745251,0.716183455,T1,1
6.946574004,6,23.89314801,0.326791413,T1,1
6.536978284,6,23.07395657,0.12220652,T1,1
3.515487001,3,17.030974,0.900010391,T1,0
6.38376684,6,22.76753368,0.603339975,T1,1
7.392234883,7,24.78446977,0.251808592,T1,0
6.188555049,6,22.3771101,0.562580942,T1,1
4.693685748,4,19.3873715,0.831625209,T1,1
3.145288729,3,16.29057746,0.043421987,T1,0
4.884609761,4,19.76921952,0.615184454,T1,1
4.13563803,4,18.27127606,0.582028648,T1,1
,0,11.18499592,0.589041666,T1,1
4.312121965,4,18.62424393,0.384331738,T1,1
9.843765028,9,29.68753006,0.472427258,T1,0
8.049028053,8,26.09805611,0.180709153,T1,1
4.017527971,4,18.03505594,0.324257895,T1,1
,0,11.98131163,0.052933335,T1,1
8.088510811,8,26.17702162,0.221886855,T1,1
3.568377517,3,17.13675503,0.413406052,T1,0
6.53288509,6,23.06577018,0.183445965,T1,1
5.298125779,5,20.59625156,0.166975589,T1,0
2.733349467,2,15.46669893,0.894713886,T1,1
6.671813131,6,23.34362626,0.420577521,T1,1
8.326807506,8,26.65361501,0.644374347,T1,1
8.204632234,8,26.40926447,0.912203877,T1,1
9.267382938,9,28.53476588,0.574229357,T1,0
8.80430135,8,27.6086027,0.20996403,T1,1
,0,10.48884794,0.789054711,T1,1
4.162470414,4,18.32494083,0.086324525,T1,1
2.161563127,2,14.32312625,0.050375768,T1,1
2.420114548,2,14.8402291,0.662093113,T1,1
,0,10.63793361,0.105125559,T1,1
2.923871259,2,15.84774252,0.530408506,T1,1
,0,10.06098447,0.815078281,T1,1
8.129396433,8,26.25879287,0.358477359,T1,1
1.49316156,1,12.98632312,0.050897831,T1,0
3.67128367,3,17.34256734,0.75394885,T1,0
7.450742241,7,24.90148448,0.232397125,T1,0
1.238835904,1,12.47767181,0.325365632,T1,0
4.36426909,4,18.72853818,0.668803193,T1,1
3.564726393,3,17.12945279,0.269406857,T1,0
2.855788829,2,15.71157766,0.112127681,T1,1
1.739190358,1,13.47838072,0.01179532,T1,0
4.31506723,4,18.63013446,0.509628771,T1,1
,0,11.41307179,0.413213476,T1,1
,0,11.03481336,0.451053387,T1,1
,0,10.49096926,0.599669109,T1,1
2.201373913,2,14.40274783,0.864943154,T1,1
8.822493623,8,27.64498725,0.02814554,T1,1
1.613943343,1,13.22788669,0.675687736,T1,0
5.12853066,5,20.25706132,0.79424435,T1,0
,0,10.2380831,0.220548042,T1,1
4.244055655,4,18.48811131,0.337437073,T1,1
2.570887666,2,15.14177533,0.517189245,T1,1
5.230231491,5,20.46046298,0.013026487,T1,0
,0,10.95580203,0.3878285,T1,1
1.012666059,1,12.02533212,0.41015047,T1,0
4.126217688,4,18.25243538,0.304223452,T1,1
6.046738344,6,22.09347669,0.162253378,T1,1
,0,10.30501942,0.59959747,T1,1
3.137717835,3,16.27543567,0.038983819,T1,0
7.466798819,7,24.93359764,0.389705187,T1,0
7.053944912,7,24.10788982,0.636563333,T1,0
6.364210522,6,22.72842104,0.906244895,T1,1
8.823501614,8,27.64700323,0.941250059,T1,1
4.395375917,4,18.79075183,0.936835985,T1,1
7.364663845,7,24.72932769,0.38537273,T1,0
6.643448694,6,23.28689739,0.319604996,T1,1
9.311398576,9,28.62279715,0.704786354,T1,0
6.788239741,6,23.57647948,0.833178852,T1,1
1.747407538,1,13.49481508,0.103326423,T1,0
7.571092399,7,25.1421848,0.438881022,T1,0
,0,11.27973684,0.623666425,T1,1
8.186319622,8,26.37263924,0.999455274,T1,1
9.035747909,9,28.07149582,0.611449497,T1,0
1.942995451,1,13.8859909,0.475109882,T1,0
4.468715708,4,18.93743142,0.049574727,T1,1
9.677851172,9,29.35570234,0.735570484,T1,0
9.360918363,9,28.72183673,0.057166132,T1,0
1.981902249,1,13.9638045,0.253550405,T1,0
2.331949516,2,14.66389903,0.933226674,T1,1
7.113264799,7,24.2265296,0.866306763,T1,0
2.66729409,2,15.33458818,0.859947299,T1,1
5.484262443,5,20.96852489,0.171525561,T1,0
5.014691892,5,20.02938378,0.621274652,T1,0
,0,11.21709522,0.750522218,T1,1
1.999564697,1,13.99912939,0.782601578,T1,0
2.937750868,2,15.87550174,0.848102101,T1,1
,0,10.11091252,0.116467263,T1,1
8.158231923,8,26.31646385,0.686071395,T1,1
1.682722126,1,13.36544425,0.958239093,T1,0
4.308431115,4,18.61686223,0.204318591,T1,1
5.769482834,5,21.53896567,0.619023802,T1,0
8.205383361,8,26.41076672,0.916029897,T1,1
7.922284009,7,25.84456802,0.351733306,T1,0
9.274342389,9,28.54868478,0.546212984,T1,0
2.183100034,2,14.36620007,0.334004223,T1,1
3.523234455,3,17.04646891,0.352854924,T1,0
1.133228008,1,12.26645602,0.258969163,T1,0
9.869789098,9,29.7395782,0.218160503,T1,0
,0,10.12743839,0.389292327,T1,1
6.50127944,6,23.00255888,0.097527556,T1,1
8.798306062,8,27.59661212,0.285429814,T1,1
7.272404799,7,24.5448096,0.109602326,T1,0
2.437739525,2,14.87547905,0.393504056,T1,1
4.097226176,4,18.19445235,0.920978533,T1,1
9.306706834,9,28.61341367,0.19318929,T1,0
6.797298277,6,23.59459655,0.726755654,T1,1
2.807599174,2,15.61519835,0.642103373,T1,1
5.148033455,5,20.29606691,0.237855041,T1,0
6.286426921,6,22.57285384,0.127668994,T1,1
1.665143431,1,13.33028686,0.733877395,T1,0
3.986174827,3,17.97234965,0.870431438,T1,0
,0,10.44203416,0.034515324,T1,1
4.829095064,4,19.65819013,0.183772846,T1,1
1.852709604,1,13.70541921,0.788220353,T1,0
6.705963671,6,23.41192734,0.83583027,T1,1
3.228507183,3,16.45701437,0.404727934,T1,0
5.431654066,5,20.86330813,0.554273907,T1,0
4.240060414,4,18.48012083,0.433176295,T1,1
8.442757551,8,26.8855151,0.067464245,T1,1
9.38802851,9,28.77605702,0.926187156,T1,0
5.524682856,5,21.04936571,0.634714391,T1,0
8.42443872,8,26.84887744,0.408935613,T1,1
8.426757493,8,26.85351499,0.399916197,T1,1
7.785823122,7,25.57164624,0.998339401,T1,0
1.171155511,1,12.34231102,0.7294075,T1,0
5.841997442,5,21.68399488,0.455398168,T1,0
5.562809165,5,21.12561833,0.894225805,T1,0
2.206723143,2,14.41344629,0.697811085,T1,1
,0,11.15918029,0.54862204,T1,1
2.420274332,2,14.84054866,0.180881485,T1,1
2.546464943,2,15.09292989,0.33486139,T1,1
1.663512725,1,13.32702545,0.084795588,T1,0
6.429939321,6,22.85987864,0.211333986,T1,1
3.83815893,3,17.67631786,0.403754219,T1,0
,0,11.42108778,0.865398519,T1,1
1.099296648,1,12.1985933,0.25014421,T1,0
5.482582006,5,20.96516401,0.875969896,T1,0
7.491352566,7,24.98270513,0.93679445,T1,0
8.846458998,8,27.692918,0.898241616,T1,1
4.811400269,4,19.62280054,0.169558812,T1,1
2.220522911,2,14.44104582,0.217589484,T1,1
9.430472314,9,28.86094463,0.509771383,T1,0
3.855462076,3,17.71092415,0.415880199,T1,0
7.19874222,7,24.39748444,0.184334819,T1,0
3.017376397,3,16.03475279,0.343125749,T1,0
4.963374077,4,19.92674815,0.335761823,T1,1
7.221804359,7,24.44360872,0.607514628,T1,0
8.12416985,8,26.2483397,0.048021745,T1,1
1.038107926,1,12.07621585,0.172968719,T1,0
6.925756627,6,23.85151325,0.624380966,T1,1
8.574083037,8,27.14816607,0.695235638,T1,1
,0,10.13794623,0.969413688,T1,1
1.727068141,1,13.45413628,0.618367221,T1,0
4.059316276,4,18.11863255,0.204240553,T1,1
9.984578109,9,29.96915622,0.427136453,T1,0
,0,11.8410564,0.812128185,T1,1
5.669515838,5,21.33903168,0.477563355,T1,0
7.277530588,7,24.55506118,0.296237052,T1,0
6.256796328,6,22.51359266,0.35680808,T1,1
1.043735984,1,12.08747197,0.445635154,T1,0
1.39600471,1,12.79200942,0.717966577,T1,0
7.028189115,7,24.05637823,0.179841805,T1,0
,0,11.01492914,0.681204978,T1,1
,0,10.8021759,0.590345674,T1,1
3.167772285,3,16.33554457,0.875915906,T1,0
8.642486277,8,27.28497255,0.023285628,T1,1
7.056403044,7,24.11280609,0.052755446,T1,0
8.925752697,8,27.85150539,0.523690228,T1,1
8.442271436,8,26.88454287,0.809893134,T1,1
4.96442058,4,19.92884116,0.852409315,T1,1
8.413485521,8,26.82697104,0.89340886,T1,1
7.592808907,7,25.18561781,0.185260901,T1,0
7.850189037,7,25.70037807,0.298051027,T1,0
2.172967305,2,14.34593461,0.505511767,T1,1
,0,10.27960164,0.686842448,T1,1
3.091045089,3,16.18209018,0.318857296,T1,0
7.97760913,7,25.95521826,0.526496844,T1,0
2.576502498,2,15.153005,0.238003713,T1,1
4.233901061,4,18.46780212,0.527646692,T1,1
,0,10.55528916,0.252682642,T1,1
5.170317937,5,20.34063587,0.884423431,T1,0
1.605795112,1,13.21159022,0.076382041,T1,0
1.546929213,1,13.09385843,0.428680443,T1,0
8.122506888,8,26.24501378,0.429965636,T1,1
9.355054752,9,28.7101095,0.963743518,T1,0
8.000444861,8,26.00088972,0.020649398,T1,1
6.252020249,6,22.5040405,0.914369537,T1,1
1.363435707,1,12.72687141,0.376239514,T1,0
,0,11.9014046,0.585925744,T1,1
4.686413329,4,19.37282666,0.6030435,T1,1
9.245108256,9,28.49021651,0.093618619,T1,0
9.033025416,9,28.06605083,0.608499269,T1,0
,0,11.23084156,0.765362382,T1,1
9.813141495,9,29.62628299,0.183774474,T1,0
8.273930343,8,26.54786069,0.230955638,T1,1
2.065969598,2,14.1319392,0.203622065,T1,1
8.068734377,8,26.13746875,0.755436728,T1,1
7.352328647,7,24.70465729,0.586243656,T1,0
1.720225221,1,13.44045044,0.975962477,T1,0
9.305014719,9,28.61002944,0.760537793,T1,0
4.760777448,4,19.5215549,0.991121384,T1,1
6.453045134,6,22.90609027,0.349175484,T1,1
7.369902269,7,24.73980454,0.427632676,T1,0
7.755660044,7,25.51132009,0.319317105,T1,0
6.009983001,6,22.019966,0.836981535,T1,1
1.019006476,1,12.03801295,0.248475841,T1,0
5.00436145,5,20.0087229,0.61029778,T1,0
2.614897646,2,15.22979529,0.250432554,T1,1
7.460400019,7,24.92080004,0.536205251,T1,0
6.896063906,6,23.79212781,0.751206672,T1,1
2.695932265,2,15.39186453,0.830222547,T1,1
9.676890795,9,29.35378159,0.279860485,T1,0
9.484957085,9,28.96991417,0.943359203,T1,0
9.852838429,9,29.70567686,0.918844855,T1,0
2.053529044,2,14.10705809,0.958056554,T1,1
1.362407957,1,12.72481591,0.598707119,T1,0
,0,10.72586571,0.328435311,T1,1
9.221113272,9,28.44222654,0.609396257,T1,0
,0,10.57813201,0.27880253,T1,1
9.762420358,9,29.52484072,0.244588227,T1,0
7.876856223,7,25.75371245,0.438589615,T1,0
3.218397862,3,16.43679572,0.009995483,T1,0
7.542248914,7,25.08449783,0.556459603,T1,0
7.399240362,7,24.79848072,0.262807852,T1,0
9.62457036,9,29.24914072,0.439798518,T1,0
6.234466698,6,22.4689334,0.943533656,T1,1
4.717310186,4,19.43462037,0.598206048,T1,1
2.607686568,2,15.21537314,0.979012575,T1,1
2.691787204,2,15.38357441,0.497714156,T1,1
1.030665249,1,12.0613305,0.785953364,T1,0
5.522302568,5,21.04460514,0.580330989,T1,0
4.961570056,4,19.92314011,0.727234514,T1,1
,0,10.21738361,0.760633021,T1,1
4.368323676,4,18.73664735,0.419462592,T1,1
6.999349831,6,23.99869966,0.384260596,T1,1
2.551314874,2,15.10262975,0.426735019,T1,1
7.916983638,7,25.83396728,0.242101806,T1,0
9.68412367,9,29.36824734,0.230021988,T1,0
5.023319617,5,20.04663923,0.846863014,T1,0
1.520323593,1,13.04064719,0.764269785,T1,0
1.163910376,1,12.32782075,0.207433878,T1,0
5.975938707,5,21.95187741,0.085936596,T1,0
5.801171135,5,21.60234227,0.373001682,T1,0
1.497425169,1,12.99485034,0.670834541,T1,0
,0,10.83756989,0.202708242,T1,1
6.790030875,6,23.58006175,0.643584847,T1,1
2.698257912,2,15.39651582,0.286920592,T1,1
9.61282057,9,29.22564114,0.432000613,T1,0
6.375640656,6,22.75128131,0.931862307,T1,1
2.495893073,2,14.99178615,0.255372884,T1,1
8.558224355,8,27.11644871,0.224689728,T1,1
,0,11.69607772,0.612249253,T1,1
2.160492849,2,14.3209857,0.039567333,T1,1
5.333048403,5,20.66609681,0.971542594,T1,0
1.50956374,1,13.01912748,0.947887741,T1,0
3.99362513,3,17.98725026,0.555763024,T1,0
7.673640464,7,25.34728093,0.959958637,T1,0
2.682866931,2,15.36573386,0.315143338,T1,1
5.655049434,5,21.31009887,0.240606211,T1,0
8.390311041,8,26.78062208,0.237075863,T1,1
3.236501718,3,16.47300344,0.080959629,T1,0
9.436341834,9,28.87268367,0.091130354,T1,0
6.483455325,6,22.96691065,0.328312342,T1,1
8.650607571,8,27.30121514,0.103131413,T1,1
6.767585882,6,23.53517176,0.104913603,T1,1
6.251546795,6,22.50309359,0.750617233,T1,1
5.154367203,5,20.30873441,0.009748135,T1,0
1.393530802,1,12.7870616,0.135097889,T1,0
6.697650128,6,23.39530026,0.667604628,T1,1
8.432865498,8,26.865731,0.759595675,T1,1
6.677690064,6,23.35538013,0.650808661,T1,1
1.762376515,1,13.52475303,0.948570241,T1,0
,0,10.58213107,0.285556539,T1,1
3.088925744,3,16.17785149,0.130143612,T1,0
6.572392236,6,23.14478447,0.175464431,T1,1
4.902341146,4,19.80468229,0.304631982,T1,1
6.454615232,6,22.90923046,0.136577181,T1,1
5.767036706,5,21.53407341,0.963134147,T1,0
6.861433367,6,23.72286673,0.959441789,T1,1
5.564611821,5,21.12922364,0.827791184,T1,0
,0,11.80907602,0.871825147,T1,1
1.291979822,1,12.58395964,0.041227375,T1,0
8.265107976,8,26.53021595,0.29054454,T1,1
7.164525061,7,24.32905012,0.178265759,T1,0
7.058075375,7,24.11615075,0.086947743,T1,0
,0,11.67793873,0.299539827,T1,1
5.890110903,5,21.78022181,0.635439292,T1,0
5.503968661,5,21.00793732,0.977919332,T1,0
7.83201694,7,25.66403388,0.082729036,T1,0
6.832960608,6,23.66592122,0.656020097,T1,1
9.89448771,9,29.78897542,0.062950381,T1,0
3.612777688,3,17.22555538,0.631452176,T1,0
,0,10.6137009,0.702209501,T1,1
4.695623153,4,19.39124631,0.471899428,T1,1
7.117384892,7,24.23476978,0.766437623,T1,0
2.571108785,2,15.14221757,0.09960128,T1,1
,0,10.03328898,0.499134823,T1,1
3.705310633,3,17.41062127,0.183107784,T1,0
5.103759482,5,20.20751896,0.658382329,T1,0
9.558011709,9,29.11602342,0.564648765,T1,0
6.367720741,6,22.73544148,0.011735198,T1,1
6.676640071,6,23.35328014,0.830091111,T1,1
5.918504691,5,21.83700938,0.283792631,T1,0
4.077377564,4,18.15475513,0.337464679,T1,1
3.714049103,3,17.42809821,0.705478866,T1,0
1.802416778,1,13.60483356,0.601699304,T1,0
6.618380796,6,23.23676159,0.396474988,T1,1
3.42508956,3,16.85017912,0.915914664,T1,0
3.000542835,3,16.00108567,0.535003049,T1,0
1.414977351,1,12.8299547,0.50653825,T1,0
2.101663515,2,14.20332703,0.542746542,T1,1
7.040105898,7,24.0802118,0.0271879,T1,0
4.721319766,4,19.44263953,0.548485275,T1,1
5.651639074,5,21.30327815,0.040146262,T1,0
8.421730459,8,26.84346092,0.561647546,T1,1
8.001443363,8,26.00288673,0.81083874,T1,1
2.129930542,2,14.25986108,0.67085236,T1,1
3.08489657,3,16.16979314,0.058344896,T1,0
7.038895859,7,24.07779172,0.8413503,T1,0
5.28228991,5,20.56457982,0.768136423,T1,0
5.731884022,5,21.46376804,0.030747938,T1,0
8.050300215,8,26.10060043,0.303950096,T1,1
5.872167995,5,21.74433599,0.181580188,T1,0
9.371996662,9,28.74399332,0.017603499,T1,0
6.637401748,6,23.2748035,0.532157504,T1,1
9.299397417,9,28.59879483,0.212260734,T1,0
3.335625715,3,16.67125143,0.162082865,T1,0
3.9764246,3,17.9528492,0.325551108,T1,0
5.731468956,5,21.46293791,0.979672571,T1,0
3.020455746,3,16.04091149,0.884064088,T1,0
,0,10.21788004,0.133386877,T1,1
9.620034598,9,29.2400692,0.227704184,T1,0
3.699141667,3,17.39828333,0.007505422,T1,0
,0,11.865345,0.003195562,T1,1
8.436626707,8,26.87325341,0.157442111,T1,1
1.521131037,1,13.04226207,0.688099554,T1,0
6.289777656,6,22.57955531,0.822221927,T1,1
8.617120398,8,27.2342408,0.361446654,T1,1
3.407518428,3,16.81503686,0.701971036,T1,0
9.878762991,9,29.75752598,0.754624441,T1,0
4.084402632,4,18.16880526,0.541293152,T1,1
6.168104384,6,22.33620877,0.566937568,T1,1
6.81356954,6,23.62713908,0.117187625,T1,1
2.788712187,2,15.57742437,0.857782253,T1,1
,0,11.12717975,0.912716517,T1,1
4.011042839,4,18.02208568,0.219379513,T1,1
9.766880183,9,29.53376037,0.182929044,T1,0
,0,11.23589027,0.469393093,T1,1
6.305320642,6,22.61064128,0.818657165,T1,1
5.06842136,5,20.13684272,0.880176241,T1,0
5.851792306,5,21.70358461,0.257480085,T1,0
7.257545149,7,24.5150903,0.227810273,T1,0
8.300545946,8,26.60109189,0.873726428,T1,1
3.398303324,3,16.79660665,0.834278963,T1,0
3.214938165,3,16.42987633,0.401510307,T1,0
3.562832402,3,17.1256648,0.636584271,T1,0
5.120735182,5,20.24147036,0.4652968,T1,0
1.010586516,1,12.02117303,0.469601067,T1,0
5.332193053,5,20.66438611,0.646710861,T1,0
2.019260894,2,14.03852179,0.911258545,T1,1
4.925239946,4,19.85047989,0.17578103,T1,1
7.394843268,7,24.78968654,0.921125787,T1,0
,0,11.47944727,0.32459237,T1,1
6.799815759,6,23.59963152,0.832590385,T1,1
6.340244178,6,22.68048836,0.737387829,T1,1
2.948706768,2,15.89741354,0.231634498,T1,1
4.639201092,4,19.27840218,0.018700359,T1,1
5.568120744,5,21.13624149,0.083498479,T1,0
3.853892319,3,17.70778464,0.648509153,T1,0
6.286732878,6,22.57346576,0.568828209,T1,1
7.556703696,7,25.11340739,0.996962769,T1,0
3.470896926,3,16.94179385,0.195872894,T1,0
1.453985496,1,12.90797099,0.374243936,T1,0
9.176406464,9,28.35281293,0.898585093,T1,0
5.591396819,5,21.18279364,0.827146772,T1,0
1.671350091,1,13.34270018,0.890111217,T1,0
5.768936519,5,21.53787304,0.91206244,T1,0
8.646616084,8,27.29323217,0.854854802,T1,1
,0,11.33279565,0.580981898,T1,1
8.995431811,8,27.99086362,0.657615769,T1,1
7.936423158,7,25.87284632,0.643080381,T1,0
8.28326926,8,26.56653852,0.37135438,T1,1
3.561986037,3,17.12397207,0.082952294,T1,0
,0,11.94123744,0.277167594,T1,1
5.934343825,5,21.86868765,0.217734716,T1,0
6.207573834,6,22.41514767,0.596358057,T1,1
3.474747846,3,16.94949569,0.524544312,T1,0
2.935789843,2,15.87157969,0.853297492,T1,1
,0,11.02991155,0.795897788,T1,1
,0,10.225753,0.415834005,T1,1
1.299732489,1,12.59946498,0.166546006,T1,0
6.871155046,6,23.74231009,0.094745761,T1,1
3.086413908,3,16.17282782,0.539580511,T1,0
6.489837076,6,22.97967415,0.797631692,T1,1
8.887243765,8,27.77448753,0.879534571,T1,1
,0,11.40500381,0.198191885,T1,1
4.442440639,4,18.88488128,0.941638121,T1,1
8.836095903,8,27.67219181,0.660461998,T1,1
3.313144984,3,16.62628997,0.737580465,T1,0
3.018212325,3,16.03642465,0.032888003,T1,0
1.37322928,1,12.74645856,0.881740277,T1,0
3.280373981,3,16.56074796,0.919774877,T1,0
4.721060977,4,19.44212195,0.227200437,T1,1
9.96517049,9,29.93034098,0.981035224,T1,0
,0,11.80875902,0.387905278,T1,1
7.759681596,7,25.51936319,0.325179977,T1,0
8.474394444,8,26.94878889,0.451227587,T1,1
8.417128164,8,26.83425633,0.500245668,T1,1
7.013799984,7,24.02759997,0.309682532,T1,0
3.413242155,3,16.82648431,0.081190772,T1,0
1.922995949,1,13.8459919,0.28462032,T1,0
2.304197544,2,14.60839509,0.23076175,T1,1
8.37377731,8,26.74755462,0.620826949,T1,1
,0,10.04721652,0.830426297,T1,1
7.924592751,7,25.8491855,0.301699579,T1,0
,0,11.5873969,0.324378631,T1,1
1.276962166,1,12.55392433,0.731860346,T1,0
,0,10.15986391,0.302079734,T1,1
1.384581274,1,12.76916255,0.337905573,T1,0
8.31970684,8,26.63941368,0.538322465,T1,1
1.352211288,1,12.70442258,0.247572321,T1,0
,0,11.10870461,0.279395296,T1,1
5.760570707,5,21.52114141,0.057873647,T1,0
1.341283527,1,12.68256705,0.289139341,T1,0
4.46292144,4,18.92584288,0.03037958,T1,1
4.085687211,4,18.17137442,0.963270737,T1,1
6.794882149,6,23.5897643,0.542693815,T1,1
9.020710126,9,28.04142025,0.508819871,T1,0
1.125801672,1,12.25160334,0.889452034,T1,0
4.323534247,4,18.64706849,0.616353122,T1,1
5.908484048,5,21.8169681,0.263293085,T1,0
1.184741845,1,12.36948369,0.046105994,T1,0
5.160124806,5,20.32024961,0.331911057,T1,0
3.329744738,3,16.65948948,0.492459254,T1,0
1.38303106,1,12.76606212,0.797227663,T1,0
1.527434482,1,13.05486896,0.091115908,T1,0
8.368091699,8,26.7361834,0.65479988,T1,1
5.833670317,5,21.66734063,0.935728382,T1,0
9.911425414,9,29.82285083,0.45950035,T1,0
2.587758093,2,15.17551619,0.872835505,T1,1
,0,11.79870926,0.03464556,T1,1
8.383150655,8,26.76630131,0.346711765,T1,1
4.674006137,4,19.34801227,0.735893082,T1,1
3.732526838,3,17.46505368,0.897811839,T1,0
3.569900392,3,17.13980078,0.028869061,T1,0
6.601579469,6,23.20315894,0.235746958,T1,1
6.250014126,6,22.50002825,0.019107506,T1,1
,0,10.19089339,0.772747457,T1,1
6.460375425,6,22.92075085,0.561090667,T1,1
4.088971395,4,18.17794279,0.367063372,T1,1
5.456987635,5,20.91397527,0.603573916,T1,0
3.451329699,3,16.9026594,0.119680692,T1,0
3.691657093,3,17.38331419,0.216934619,T1,0
7.136779032,7,24.27355806,0.490102212,T1,0
8.712230709,8,27.42446142,0.879538145,T1,1
7.816869857,7,25.63373971,0.421441476,T1,0
6.607036452,6,23.2140729,0.058367559,T1,1
9.66385302,9,29.32770604,0.705873904,T1,0
2.628308594,2,15.25661719,0.028257459,T1,1
7.002838276,7,24.00567655,0.617206197,T1,0
4.293411563,4,18.58682313,0.01790971,T0,0
9.374756527,9,28.74951305,0.706507779,T0,1
6.603040489,6,23.20608098,0.615278194,T0,0
8.622058948,8,27.2441179,0.638917305,T0,0
1.717615988,1,13.43523198,0.294469014,T0,1
,0,10.26188899,0.752600495,T0,0
4.649117031,4,19.29823406,0.790897421,T0,0
,0,10.02371659,0.171161295,T0,0
8.66563352,8,27.33126704,0.15528342,T0,0
,0,11.32291543,0.384898641,T0,0
9.323494816,9,28.64698963,0.129291512,T0,1
7.914040453,7,25.82808091,0.847402309,T0,1
3.422113115,3,16.84422623,0.020024323,T0,1
9.93328011,9,29.86656022,0.663042744,T0,1
6.801943861,6,23.60388772,0.628526916,T0,0
2.952984106,2,15.90596821,0.443215772,T0,0
5.808782339,5,21.61756468,0.184328072,T0,1
8.605883789,8,27.21176758,0.666703921,T0,0
9.709343072,9,29.41868614,0.230916022,T0,1
2.172612914,2,14.34522583,0.524150044,T0,0
1.953149124,1,13.90629825,0.292661615,T0,1
8.167310953,8,26.33462191,0.794123659,T0,0
2.992362791,2,15.98472558,0.472473062,T0,0
1.973886168,1,13.94777234,0.982426268,T0,1
,0,11.38564628,0.577056074,T0,0
9.924147616,9,29.84829523,0.994362559,T0,1
1.548157638,1,13.09631528,0.790802755,T0,1
6.899577419,6,23.79915484,0.180588965,T0,0
5.029819053,5,20.05963811,0.466407085,T0,1
8.113291095,8,26.22658219,0.919686428,T0,0
4.349009837,4,18.69801967,0.761500435,T0,0
9.942679986,9,29.88535997,0.688799758,T0,1
,0,10.90942602,0.659822854,T0,0
6.868753924,6,23.73750785,0.553183216,T0,0
5.459447981,5,20.91889596,0.702598393,T0,1
4.465103488,4,18.93020698,0.341177186,T0,0
5.872885333,5,21.74577067,0.916411395,T0,1
8.300770394,8,26.60154079,0.59580752,T0,0
6.907767066,6,23.81553413,0.333268576,T0,0
8.089701214,8,26.17940243,0.935220589,T0,0
9.971692212,9,29.94338442,0.132297369,T0,1
,0,10.73936265,0.336507068,T0,0
1.147391382,1,12.29478276,0.807864673,T0,1
1.007623889,1,12.01524778,0.079138872,T0,1
7.080767847,7,24.16153569,0.569223432,T0,1
,0,10.33996927,0.587030629,T0,0
1.899513918,1,13.79902784,0.214266278,T0,1
2.478799305,2,14.95759861,0.445865005,T0,0
8.860450068,8,27.72090014,0.489710841,T0,0
5.033816338,5,20.06763268,0.04031369,T0,1
9.194788686,9,28.38957737,0.533022779,T0,1
4.708554808,4,19.41710962,0.213672678,T0,0
5.551990648,5,21.1039813,0.609986371,T0,1
4.205268316,4,18.41053663,0.585221486,T0,0
3.206452064,3,16.41290413,0.527205402,T0,1
3.506377105,3,17.01275421,0.675025638,T0,1
8.278980634,8,26.55796127,0.213080362,T0,0
6.71053363,6,23.42106726,0.230616189,T0,0
,0,10.27213844,0.843461557,T0,0
6.752235977,6,23.50447195,0.06307339,T0,0
6.034830967,6,22.06966193,0.5334249,T0,0
6.418138839,6,22.83627768,0.179530952,T0,0
,0,11.47731054,0.828175186,T0,0
9.201808989,9,28.40361798,0.785490181,T0,1
6.998846184,6,23.99769237,0.791184555,T0,0
8.657956689,8,27.31591338,0.996316789,T0,0
1.293350548,1,12.5867011,0.59546909,T0,1
4.712279174,4,19.42455835,0.925966675,T0,0
4.913337668,4,19.82667534,0.986380866,T0,0
,0,10.17195819,0.944139164,T0,0
2.907920901,2,15.8158418,0.973480178,T0,0
1.888085831,1,13.77617166,0.209617216,T0,1
7.100744799,7,24.2014896,0.624958325,T0,1
6.542629726,6,23.08525945,0.407300035,T0,0
1.465591087,1,12.93118217,0.552674986,T0,1
6.339997428,6,22.67999486,0.087035808,T0,0
9.492682514,9,28.98536503,0.245385862,T0,1
4.149650143,4,18.29930029,0.641890589,T0,0
4.733039638,4,19.46607928,0.563180731,T0,0
7.645788029,7,25.29157606,0.540191201,T0,1
,0,10.7395778,0.230386682,T0,0
7.883665298,7,25.7673306,0.531326869,T0,1
3.876927992,3,17.75385598,0.141114077,T0,1
5.749507087,5,21.49901417,0.001397041,T0,1
,0,10.76572818,0.475099722,T0,0
4.038303418,4,18.07660684,0.417078688,T0,0
6.583552193,6,23.16710439,0.747240563,T0,0
8.510646126,8,27.02129225,0.772923642,T0,0
3.253440665,3,16.50688133,0.704819338,T0,1
6.068436842,6,22.13687368,0.262462781,T0,0
6.852957096,6,23.70591419,0.800482139,T0,0
9.75364563,9,29.50729126,0.315623666,T0,1
4.084190806,4,18.16838161,0.118819356,T0,0
4.094461166,4,18.18892233,0.419701006,T0,0
3.139058839,3,16.27811768,0.709402509,T0,1
2.608088633,2,15.21617727,0.594342435,T0,0
5.211052723,5,20.42210545,0.660021324,T0,1
4.595770327,4,19.19154065,0.487018643,T0,0
4.886800811,4,19.77360162,0.253003156,T0,0
8.561199454,8,27.12239891,0.770679412,T0,0
8.946237725,8,27.89247545,0.894681974,T0,0
5.077959146,5,20.15591829,0.539193934,T0,1
5.75347268,5,21.50694536,0.04093014,T0,1
5.524058396,5,21.04811679,0.003089972,T0,1
4.006459296,4,18.01291859,0.732804231,T0,0
7.609248931,7,25.21849786,0.975665166,T0,1
9.978165315,9,29.95633063,0.125102119,T0,1
7.150422521,7,24.30084504,0.830352501,T0,1
4.992940633,4,19.98588127,0.026473738,T0,0
8.650737076,8,27.30147415,0.77204799,T0,0
9.769649075,9,29.53929815,0.735454082,T0,1
3.627879219,3,17.25575844,0.009592281,T0,1
4.83990326,4,19.67980652,0.123995042,T0,0
6.900381325,6,23.80076265,0.511778063,T0,0
1.897557204,1,13.79511441,0.016086137,T0,1
,0,10.7582119,0.429121808,T0,0
7.925997057,7,25.85199411,0.166041399,T0,1
4.706025426,4,19.41205085,0.050981549,T0,0
4.39081731,4,18.78163462,0.580522453,T0,0
3.484443568,3,16.96888714,0.404952457,T0,1
8.024699607,8,26.04939921,0.429728933,T0,0
2.333883491,2,14.66776698,0.846726603,T0,0
1.009639812,1,12.01927962,0.836832427,T0,1
3.452247326,3,16.90449465,0.915743867,T0,1
4.997008021,4,19.99401604,0.580421847,T0,0
7.165318772,7,24.33063754,0.631306947,T0,1
2.579118234,2,15.15823647,0.79712197,T0,0
3.226560561,3,16.45312112,0.481344151,T0,1
5.459782547,5,20.91956509,0.430256593,T0,1
2.244887796,2,14.48977559,0.621107396,T0,0
2.47563579,2,14.95127158,0.726052508,T0,0
4.544645067,4,19.08929013,0.856043766,T0,0
2.591256705,2,15.18251341,0.340431669,T0,0
,0,11.60309324,0.010995863,T0,0
6.945779597,6,23.89155919,0.157262869,T0,0
6.237487176,6,22.47497435,0.953901153,T0,0
,0,11.51381943,0.842014757,T0,0
8.689934975,8,27.37986995,0.738344013,T0,0
5.247205214,5,20.49441043,0.458321291,T0,1
7.400381674,7,24.80076335,0.388395417,T0,1
,0,10.49811909,0.687528165,T0,0
1.791558631,1,13.58311726,0.426850186,T0,1
2.305475107,2,14.61095021,0.734169104,T0,0
3.650232863,3,17.30046573,0.50108581,T0,1
2.474047948,2,14.9480959,0.076626184,T0,0
7.419435424,7,24.83887085,0.503400974,T0,1
1.522484842,1,13.04496968,0.437937605,T0,1
,0,10.16585178,0.190507799,T0,0
,0,10.06981869,0.159550925,T0,0
7.37171558,7,24.74343116,0.163222717,T0,1
8.566619727,8,27.13323945,0.838395618,T0,0
1.566001076,1,13.13200215,0.753025717,T0,1
3.199536555,3,16.39907311,0.512539516,T0,1
2.796267735,2,15.59253547,0.1240104,T0,0
8.784643904,8,27.56928781,0.473243461,T0,0
9.861633844,9,29.72326769,0.167955836,T0,1
,0,11.44136974,0.99096252,T0,0
8.382110085,8,26.76422017,0.649186658,T0,0
8.972320085,8,27.94464017,0.254755261,T0,0
8.581800916,8,27.16360183,0.112197168,T0,0
4.408434957,4,18.81686991,0.083729004,T0,0
1.592807204,1,13.18561441,0.901016835,T0,1
3.939945203,3,17.87989041,0.292945244,T0,1
,0,10.90757829,0.204385759,T0,0
9.544554522,9,29.08910904,0.360431033,T0,1
2.274428085,2,14.54885617,0.296810545,T0,0
3.484861764,3,16.96972353,0.599668742,T0,1
7.952384657,7,25.90476931,0.418366614,T0,1
,0,11.26365868,0.255235525,T0,0
2.97914527,2,15.95829054,0.810103628,T0,0
9.598066301,9,29.1961326,0.763918801,T0,1
4.586122833,4,19.17224567,0.924671055,T0,0
7.833359999,7,25.66672,0.142849038,T0,1
7.775535695,7,25.55107139,0.636463207,T0,1
4.256440843,4,18.51288169,0.157921155,T0,0
8.736763944,8,27.47352789,0.324257442,T0,0
1.566183941,1,13.13236788,0.078160549,T0,1
6.202055545,6,22.40411109,0.009154888,T0,0
2.297417374,2,14.59483475,0.673816339,T0,0
2.804606235,2,15.60921247,0.586340769,T0,0
5.948980062,5,21.89796012,0.121492281,T0,1
6.801892261,6,23.60378452,0.019615775,T0,0
3.053523788,3,16.10704758,0.776516207,T0,1
7.815461646,7,25.63092329,0.12094513,T0,1
6.797500678,6,23.59500136,0.046939787,T0,0
5.080291381,5,20.16058276,0.933285353,T0,1
8.375160031,8,26.75032006,0.707493208,T0,0
5.246937473,5,20.49387495,0.240832202,T0,1
3.029335827,3,16.05867165,0.563119407,T0,1
6.884965694,6,23.76993139,0.452470683,T0,0
8.798084092,8,27.59616818,0.412146646,T0,0
9.607446328,9,29.21489266,0.909274531,T0,1
,0,11.14286931,0.720442366,T0,0
8.278508122,8,26.55701624,0.456364594,T0,0
6.364673288,6,22.72934658,0.119755928,T0,0
4.638187988,4,19.27637598,0.637476838,T0,0
3.751985326,3,17.50397065,0.073483627,T0,1
9.598631051,9,29.1972621,0.56693553,T0,1
9.441662996,9,28.88332599,0.940776235,T0,1
5.400780936,5,20.80156187,0.947095174,T0,1
4.650587176,4,19.30117435,0.316550681,T0,0
7.985843017,7,25.97168603,0.861951588,T0,1
5.892715858,5,21.78543172,0.106567683,T0,1
8.860758615,8,27.72151723,0.624046132,T0,0
6.183113526,6,22.36622705,0.905635595,T0,0
2.382909329,2,14.76581866,0.038290965,T0,0
1.861258055,1,13.72251611,0.491010429,T0,1
4.119633119,4,18.23926624,0.83116569,T0,0
9.147604999,9,28.29521,0.824418381,T0,1
8.778919771,8,27.55783954,0.73127977,T0,0
6.13813571,6,22.27627142,0.581916699,T0,0
2.857691696,2,15.71538339,0.972165989,T0,0
5.967293481,5,21.93458696,0.574677163,T0,1
1.273965769,1,12.54793154,0.878152887,T0,1
2.558417218,2,15.11683444,0.723709683,T0,0
2.759785155,2,15.51957031,0.761052872,T0,0
5.505800476,5,21.01160095,0.296181418,T0,1
3.830463912,3,17.66092782,0.223725459,T0,1
6.37569845,6,22.7513969,0.491340127,T0,0
6.81380484,6,23.62760968,0.935416336,T0,0
2.232827831,2,14.46565566,0.389618706,T0,0
5.072742597,5,20.14548519,0.11718744,T0,1
1.640307171,1,13.28061434,0.825327396,T0,1
5.188916031,5,20.37783206,0.20881422,T0,1
5.924101206,5,21.84820241,0.535371118,T0,1
5.200870151,5,20.4017403,0.645306653,T0,1
7.68738186,7,25.37476372,0.887193386,T0,1
1.939774913,1,13.87954983,0.470106205,T0,1
2.298373568,2,14.59674714,0.474669511,T0,0
1.419884687,1,12.83976937,0.873086432,T0,1
1.905735143,1,13.81147029,0.332299893,T0,1
1.664822512,1,13.32964502,0.350807067,T0,1
7.430735131,7,24.86147026,0.920384005,T0,1
2.359174326,2,14.71834865,0.744552166,T0,0
2.296509033,2,14.59301807,0.675634615,T0,0
8.117466687,8,26.23493337,0.098830084,T0,0
9.240723165,9,28.48144633,0.054519469,T0,1
3.638890944,3,17.27778189,0.702412895,T0,1
7.431152392,7,24.86230478,0.03200929,T0,1
8.723787931,8,27.44757586,0.532886213,T0,0
3.693788387,3,17.38757677,0.630595357,T0,1
9.834144245,9,29.66828849,0.114227169,T0,1
5.687051079,5,21.37410216,0.555504285,T0,1
3.985041392,3,17.97008278,0.593500205,T0,1
3.966324849,3,17.9326497,0.108314007,T0,1
5.970671429,5,21.94134286,0.220988162,T0,1
7.383451017,7,24.76690203,0.07422672,T0,1
3.633495852,3,17.2669917,0.041504906,T0,1
9.867949274,9,29.73589855,0.401941642,T0,1
9.282273929,9,28.56454786,0.762081655,T0,1
6.876293478,6,23.75258696,0.844406477,T0,0
,0,11.72257907,0.913858101,T0,0
6.539922173,6,23.07984435,0.968329538,T0,0
4.164012966,4,18.32802593,0.440221064,T0,0
3.367829506,3,16.73565901,0.711902632,T0,1
3.053779044,3,16.10755809,0.587360019,T0,1
4.568076118,4,19.13615224,0.568427539,T0,0
3.73754645,3,17.4750929,0.284565053,T0,1
4.612391223,4,19.22478245,0.532081514,T0,0
2.001353822,2,14.00270764,0.816204593,T0,0
3.778242611,3,17.55648522,0.455268831,T0,1
2.77798299,2,15.55596598,0.156888765,T0,0
9.75273932,9,29.50547864,0.861554123,T0,1
9.620966465,9,29.24193293,0.48335444,T0,1
8.055208608,8,26.11041722,0.768649784,T0,0
8.129365012,8,26.25873002,0.420871088,T0,0
2.327079017,2,14.65415803,0.805182979,T0,0
4.54822124,4,19.09644248,0.246020181,T0,0
8.151260934,8,26.30252187,0.319508973,T0,0
3.892169567,3,17.78433913,0.293288127,T0,1
6.824729491,6,23.64945898,0.615249826,T0,0
5.957849108,5,21.91569822,0.630849761,T0,1
8.685140161,8,27.37028032,0.723863737,T0,0
,0,11.4613137,0.191707274,T0,0
7.738416074,7,25.47683215,0.743318993,T0,1
1.007322243,1,12.01464449,0.286679685,T0,1
3.980862436,3,17.96172487,0.274128,T0,1
2.251590764,2,14.50318153,0.6141834,T0,0
1.671243631,1,13.34248726,0.787108679,T0,1
,0,11.67607023,0.609883195,T0,0
7.252118194,7,24.50423639,0.795651117,T0,1
1.581548047,1,13.16309609,0.588754665,T0,1
5.319288933,5,20.63857787,0.960400254,T0,1
4.127392397,4,18.25478479,0.442418482,T0,0
6.184393631,6,22.36878726,0.508404446,T0,0
6.263292268,6,22.52658454,0.660611308,T0,0
5.259894439,5,20.51978888,0.867731579,T0,1
4.924248432,4,19.84849686,0.763788568,T0,0
3.303685055,3,16.60737011,0.235121581,T0,1
8.243725414,8,26.48745083,0.579879737,T0,0
9.521000944,9,29.04200189,0.872675715,T0,1
5.982502601,5,21.9650052,0.157816952,T0,1
3.823530188,3,17.64706038,0.359168656,T0,1
4.706360767,4,19.41272153,0.227766621,T0,0
,0,11.0576987,0.004744364,T0,0
,0,11.08440086,0.684496606,T0,0
2.175133295,2,14.35026659,0.014446873,T0,0
9.56353951,9,29.12707902,0.803515332,T0,1
8.304577705,8,26.60915541,0.199567139,T0,0
6.757650176,6,23.51530035,0.965154783,T0,0
2.925393376,2,15.85078675,0.437391383,T0,0
8.131492338,8,26.26298468,0.5841524,T0,0
4.875491648,4,19.7509833,0.532090871,T0,0
,0,10.07012213,0.211363097,T0,0
1.122165911,1,12.24433182,0.707789445,T0,1
5.288751438,5,20.57750288,0.197714607,T0,1
3.532856464,3,17.06571293,0.029322785,T0,1
6.338586609,6,22.67717322,0.780151078,T0,0
2.312470296,2,14.62494059,0.362749307,T0,0
5.498274147,5,20.99654829,0.375138317,T0,1
5.47630056,5,20.95260112,0.945102547,T0,1
7.448966096,7,24.89793219,0.283214446,T0,1
4.540502761,4,19.08100552,0.416200933,T0,0
8.134980036,8,26.26996007,0.09823645,T0,0
2.779006459,2,15.55801292,0.883642149,T0,0
9.283179785,9,28.56635957,0.939700576,T0,1
8.690617533,8,27.38123507,0.017773501,T0,0
5.149132887,5,20.29826577,0.130977785,T0,1
2.390287019,2,14.78057404,0.717255385,T0,0
4.092924753,4,18.18584951,0.915598515,T0,0
6.452064554,6,22.90412911,0.161771135,T0,0
3.111287228,3,16.22257446,0.091262955,T0,1
2.896105732,2,15.79221146,0.314706463,T0,0
2.431727748,2,14.8634555,0.436315684,T0,0
5.040708806,5,20.08141761,0.938801325,T0,1
3.814790972,3,17.62958194,0.693237095,T0,1
2.781264063,2,15.56252813,0.766164387,T0,0
9.639181745,9,29.27836349,0.747304953,T0,1
9.258228659,9,28.51645732,0.802273547,T0,1
9.295715245,9,28.59143049,0.914288339,T0,1
7.145366943,7,24.29073389,0.594515269,T0,1
2.081619932,2,14.16323986,0.239936206,T0,0
8.038331622,8,26.07666324,0.753983672,T0,0
7.66727325,7,25.3345465,0.058369947,T0,1
2.382222606,2,14.76444521,0.350356289,T0,0
4.690035895,4,19.38007179,0.032005056,T0,0
4.246194778,4,18.49238956,0.381728467,T0,0
9.808292169,9,29.61658434,0.363366494,T0,1
7.698699152,7,25.3973983,0.960428536,T0,1
9.11058369,9,28.22116738,0.274044773,T0,1
8.769458651,8,27.5389173,0.038755731,T0,0
4.630591146,4,19.26118229,0.400099676,T0,0
6.958099296,6,23.91619859,0.62932808,T0,0
6.158960328,6,22.31792066,0.179605343,T0,0
3.785876564,3,17.57175313,0.973119711,T0,1
9.962024889,9,29.92404978,0.05108138,T0,1
3.353980569,3,16.70796114,0.204527796,T0,1
8.263717358,8,26.52743472,0.201922737,T0,0
9.582053812,9,29.16410762,0.694909796,T0,1
8.533156425,8,27.06631285,0.120741679,T0,0
6.53728792,6,23.07457584,0.142649601,T0,0
9.08740047,9,28.17480094,0.308360792,T0,1
5.7482962,5,21.4965924,0.997987151,T0,1
6.540320797,6,23.08064159,0.867322448,T0,0
6.160057245,6,22.32011449,0.670105792,T0,0
1.585184978,1,13.17036996,0.229864811,T0,1
6.929704999,6,23.85941,0.188943458,T0,0
7.970813638,7,25.94162728,0.641936496,T0,1
9.390240809,9,28.78048162,0.523223119,T0,1
7.692849039,7,25.38569808,0.062242472,T0,1
9.725196583,9,29.45039317,0.996102338,T0,1
8.228858146,8,26.45771629,0.174125495,T0,0
,0,10.33734126,0.37311636,T0,0
7.826766291,7,25.65353258,0.3753396,T0,1
,0,10.77074763,0.362320563,T0,0
7.674474214,7,25.34894843,0.952787828,T0,1
3.238223117,3,16.47644623,0.76731389,T0,1
6.280704511,6,22.56140902,0.697763761,T0,0
7.889403461,7,25.77880692,0.819156582,T0,1
3.036561278,3,16.07312256,0.43510026,T0,1
,0,10.07344868,0.924599265,T0,0
7.230131701,7,24.4602634,0.30524704,T0,1
2.208961894,2,14.41792379,0.583365234,T0,0
8.140212857,8,26.28042571,0.002453486,T0,0
,0,11.33069871,0.990247999,T0,0
4.46902685,4,18.9380537,0.553932939,T0,0
1.806316648,1,13.6126333,0.62730679,T0,1
1.316792986,1,12.63358597,0.072085068,T0,1
2.509517688,2,15.01903538,0.939348963,T0,0
4.331848789,4,18.66369758,0.537110492,T0,0
5.419352282,5,20.83870456,0.636900298,T0,1
5.566472531,5,21.13294506,0.704395388,T0,1
,0,11.86086865,0.858141846,T0,0
9.607083299,9,29.2141666,0.668290394,T0,1
,0,10.21515067,0.806724664,T0,0
5.42445752,5,20.84891504,0.962787124,T0,1
3.424645753,3,16.84929151,0.173852103,T0,1
2.307292287,2,14.61458457,0.541289766,T0,0
4.88632222,4,19.77264444,0.377350173,T0,0
3.610815121,3,17.22163024,0.462074453,T0,1
,0,10.57313695,0.796223859,T0,0
8.185270401,8,26.3705408,0.490666967,T0,0
2.350407521,2,14.70081504,0.529715049,T0,0
8.410145396,8,26.82029079,0.851808354,T0,0
3.936210287,3,17.87242057,0.896299752,T0,1
3.516388922,3,17.03277784,0.657609835,T0,1
8.64300715,8,27.2860143,0.876985097,T0,0
4.864096748,4,19.7281935,0.371984408,T0,0
4.40095065,4,18.8019013,0.161113659,T0,0
5.790771782,5,21.58154356,0.84725394,T0,1
5.729321532,5,21.45864306,0.735741902,T0,1
1.915083965,1,13.83016793,0.035313363,T0,1
8.543972467,8,27.08794493,0.527458058,T0,0
8.612503132,8,27.22500626,0.028995535,T0,0
3.309146483,3,16.61829297,0.552862538,T0,1
,0,11.50405151,0.276088622,T0,0
,0,10.70418152,0.692701393,T0,0
9.39351399,9,28.78702798,0.498790396,T0,1
4.136560789,4,18.27312158,0.974548355,T0,0
4.228984189,4,18.45796838,0.304947536,T0,0
4.755825847,4,19.51165169,0.573063737,T0,0
,0,11.54454354,0.345325426,T0,0
9.540123255,9,29.08024651,0.776871709,T0,1
4.9437137,4,19.8874274,0.946770953,T0,0
8.55536382,8,27.11072764,0.492239199,T0,0
6.807841216,6,23.61568243,0.230253647,T0,0
2.542298823,2,15.08459765,0.118337755,T0,0
7.84690862,7,25.69381724,0.740827149,T0,1
9.095429586,9,28.19085917,0.486385485,T0,1
4.423992727,4,18.84798545,0.599157347,T0,0
9.467746141,9,28.93549228,0.965579061,T0,1
6.378571756,6,22.75714351,0.962607253,T0,0
3.385620364,3,16.77124073,0.887995505,T0,1
6.816167623,6,23.63233525,0.015335814,T0,0
2.703575012,2,15.40715002,0.303960073,T0,0
2.152327269,2,14.30465454,0.264706799,T0,0
5.055377226,5,20.11075445,0.967952425,T0,1
1.964793997,1,13.92958799,0.307485426,T0,1
8.840137104,8,27.68027421,0.605660211,T0,0
4.44572598,4,18.89145196,0.557312624,T0,0
8.720675552,8,27.4413511,0.974892506,T0,0
3.092648877,3,16.18529775,0.68005504,T0,1
6.389965583,6,22.77993117,0.344567989,T0,0
4.170627163,4,18.34125433,0.828059326,T0,0
6.827986737,6,23.65597347,0.870535925,T0,0
1.346129293,1,12.69225859,0.962830126,T0,1
4.780580637,4,19.56116127,0.372917384,T0,0
4.999678968,4,19.99935794,0.87322367,T0,0
7.503681756,7,25.00736351,0.203553328,T0,1
3.052257403,3,16.10451481,0.152720656,T0,1
7.968602662,7,25.93720532,0.428321587,T0,1
4.224319959,4,18.44863992,0.936019744,T0,0
1.732945967,1,13.46589193,0.524315387,T0,1
2.170790037,2,14.34158007,0.382528157,T0,0
9.317958047,9,28.63591609,0.510119498,T0,1
1.201970107,1,12.40394021,0.791310963,T0,1
6.465105346,6,22.93021069,0.231646921,T0,0
6.783243045,6,23.56648609,0.171350554,T0,0
4.480251972,4,18.96050394,0.905655583,T0,0
4.810254201,4,19.6205084,0.315453097,T0,0
3.217329551,3,16.4346591,0.183193382,T0,1
5.843552322,5,21.68710464,0.179560369,T0,1
3.897129053,3,17.79425811,0.467771699,T0,1
5.298639117,5,20.59727823,0.409677479,T0,1
6.242270115,6,22.48454023,0.239617057,T0,0
3.596857169,3,17.19371434,0.450184891,T0,1
6.724570749,6,23.4491415,0.530398016,T0,0
,0,11.98024394,0.091765402,T0,0
4.121498517,4,18.24299703,0.903316525,T0,0
1.46684386,1,12.93368772,0.51299244,T0,1
2.661619575,2,15.32323915,0.789872849,T0,0
9.969087841,9,29.93817568,0.674382546,T0,1
5.437862921,5,20.87572584,0.549985873,T0,1
5.296410886,5,20.59282177,0.004709795,T0,1
5.964101603,5,21.92820321,0.331219415,T0,1
7.186423871,7,24.37284774,0.377091531,T0,1
4.183658771,4,18.36731754,0.758588763,T0,0
8.039548327,8,26.07909665,0.270639813,T0,0
9.791116333,9,29.58223267,0.37396725,T0,1
2.518383051,2,15.0367661,0.163932198,T0,0
3.721492277,3,17.44298455,0.333500858,T0,1
,0,11.71931596,0.969685163,T0,0
4.064650252,4,18.1293005,0.54435064,T0,0
8.575219283,8,27.15043857,0.545432768,T0,0
1.331026274,1,12.66205255,0.650046038,T0,1
4.08806666,4,18.17613332,0.720803641,T0,0
8.532126011,8,27.06425202,0.489720048,T0,0
4.912447066,4,19.82489413,0.180861087,T0,0
7.636281305,7,25.27256261,0.706810034,T0,1
4.965513743,4,19.93102749,0.957104086,T0,0
3.676813673,3,17.35362735,0.563497994,T0,1
9.467014371,9,28.93402874,0.923941332,T0,1
5.751012567,5,21.50202513,0.609706056,T0,1
1.639653902,1,13.2793078,0.857113309,T0,1
8.812660673,8,27.62532135,0.282458366,T0,0
3.261809102,3,16.5236182,0.607366281,T0,1
4.701565861,4,19.40313172,0.239063591,T0,0
,0,10.73963291,0.496763816,T0,0
,0,11.36323018,0.293311209,T0,0
3.396028769,3,16.79205754,0.037092542,T0,1
2.999972194,2,15.99994439,0.719190935,T0,0
8.348779597,8,26.69755919,0.082538562,T0,0
1.294489209,1,12.58897842,0.819693774,T0,1
5.901434318,5,21.80286864,0.61059466,T0,1
8.368795883,8,26.73759177,0.825867461,T0,0
3.480778619,3,16.96155724,0.257457633,T0,1
,0,10.27101938,0.050500311,T0,0
7.833643431,7,25.66728686,0.799308293,T0,1
6.732237171,6,23.46447434,0.272139126,T0,0
6.184234574,6,22.36846915,0.941180169,T0,0
3.550503086,3,17.10100617,0.099647627,T0,1
1.518584183,1,13.03716837,0.05195155,T0,1
1.530003391,1,13.06000678,0.041921173,T0,1
9.004636078,9,28.00927216,0.581457775,T0,1
,0,11.99397109,0.289158804,T0,0
9.866646761,9,29.73329352,0.155173279,T0,1
,0,11.08833304,0.456046392,T0,0
2.126744695,2,14.25348939,0.413799886,T0,0
1.31874175,1,12.6374835,0.101199144,T0,1
3.980524571,3,17.96104914,0.51426916,T0,1
8.23255344,8,26.46510688,0.9828492,T0,0
6.896375242,6,23.79275048,0.545853926,T0,0
8.019399353,8,26.03879871,0.712251726,T0,0
4.826768123,4,19.65353625,0.984935787,T0,0
5.527812519,5,21.05562504,0.151908891,T0,1
4.331541806,4,18.66308361,0.824365951,T0,0
1.767137875,1,13.53427575,0.685114876,T0,1
9.346923412,9,28.69384682,0.391131993,T0,1
8.470792413,8,26.94158483,0.345526637,T0,0
7.11582345,7,24.2316469,0.388798176,T0,1
1.951244194,1,13.90248839,0.062577473,T0,1
1.117728082,1,12.23545616,0.715773721,T0,1
2.520274962,2,15.04054992,0.114922072,T0,0
6.945091145,6,23.89018229,0.232643956,T0,0
7.818023196,7,25.63604639,0.394765841,T0,1
2.436450169,2,14.87290034,0.788147384,T0,0
5.931204599,5,21.8624092,0.327634998,T0,1
8.286769945,8,26.57353989,0.123849866,T0,0
8.263923295,8,26.52784659,0.867321361,T0,0
2.51158458,2,15.02316916,0.406342612,T0,0
4.898603866,4,19.79720773,0.505800286,T0,0
3.378554004,3,16.75710801,0.664277761,T0,1
8.553581221,8,27.10716244,0.330113075,T0,0
8.319577371,8,26.63915474,0.959527055,T0,0
,0,11.67192358,0.396336088,T0,0
1.353387725,1,12.70677545,0.663486762,T0,1
4.589966269,4,19.17993254,0.904666858,T0,0
6.451899055,6,22.90379811,0.818998526,T0,0
9.442782362,9,28.88556472,0.784637957,T0,1
2.002986646,2,14.00597329,0.075482145,T0,0
,0,11.13459341,0.30003753,T0,0
3.518201168,3,17.03640234,0.56917146,T0,1
7.358831556,7,24.71766311,0.837797927,T0,1
6.452050978,6,22.90410196,0.170975984,T0,0
2.880654635,2,15.76130927,0.77928803,T0,0
1.193171199,1,12.3863424,0.775249812,T0,1
2.247828421,2,14.49565684,0.465660583,T0,0
3.910734617,3,17.82146923,0.904137752,T0,1
9.067462247,9,28.13492449,0.429277655,T0,1
8.671616536,8,27.34323307,0.144916296,T0,0
8.76556434,8,27.53112868,0.169545874,T0,0
1.929002162,1,13.85800432,0.563830319,T0,1
9.317576026,9,28.63515205,0.673655005,T0,1
4.628108896,4,19.25621779,0.389416205,T0,0
6.99058713,6,23.98117426,0.640452842,T0,0
7.453650139,7,24.90730028,0.41698686,T0,1
3.32730488,3,16.65460976,0.920323966,T0,1
7.666292113,7,25.33258423,0.79923418,T0,1
1.850399049,1,13.7007981,0.323550737,T0,1
4.507226952,4,19.0144539,0.732401871,T0,0
,0,11.52177081,0.330284702,T0,0
5.712502322,5,21.42500464,0.608176128,T0,1
5.813137661,5,21.62627532,0.681776221,T0,1
5.886464414,5,21.77292883,0.278330933,T0,1
2.486259399,2,14.9725188,0.252919421,T0,0
7.094376439,7,24.18875288,0.830907708,T0,1
7.445705054,7,24.89141011,0.843467671,T0,1
4.619089278,4,19.23817856,0.324600244,T0,0
8.411237349,8,26.8224747,0.944686889,T0,0
5.284881241,5,20.56976248,0.632462999,T0,1
7.799117779,7,25.59823556,0.009338996,T0,1
7.102780887,7,24.20556177,0.845624479,T0,1
,0,10.1980779,0.783669805,T0,0
4.966244056,4,19.93248811,0.839916573,T0,0
7.191636515,7,24.38327303,0.187892166,T0,1
8.810331055,8,27.62066211,0.482275551,T0,0
6.512819859,6,23.02563972,0.623461794,T0,0
1.256460828,1,12.51292166,0.380457473,T0,1
6.040949635,6,22.08189927,0.454060999,T0,0
2.730489706,2,15.46097941,0.42936467,T0,0
,0,11.84129468,0.115907981,T0,0
6.732994572,6,23.46598914,0.535211931,T0,0
1.213690625,1,12.42738125,0.070141442,T0,1
7.210229548,7,24.4204591,0.339213202,T0,1
1.824604626,1,13.64920925,0.885988552,T0,1
1.524707165,1,13.04941433,0.1020431,T0,1
7.909824835,7,25.81964967,0.687314914,T0,1
4.986343716,4,19.97268743,0.44240136,T0,0
1.009501257,1,12.01900251,0.472763183,T0,1
8.73381586,8,27.46763172,0.070036491,T0,0
,0,10.61801712,0.163142874,T0,0
2.750457554,2,15.50091511,0.663854184,T0,0
,0,10.3637372,0.895357494,T0,0
,0,10.40033312,0.074620163,T0,0
6.805002676,6,23.61000535,0.108491903,T0,0
6.815077216,6,23.63015443,0.387773852,T0,0
5.740362132,5,21.48072426,0.935304285,T0,1
3.218824519,3,16.43764904,0.32612936,T0,1
8.084120259,8,26.16824052,0.138271362,T0,0
3.770504806,3,17.54100961,0.274570058,T0,1
7.904837811,7,25.80967562,0.93815751,T0,1
9.118761358,9,28.23752272,0.522190375,T0,1
7.232571971,7,24.46514394,0.932546367,T0,1
6.373511618,6,22.74702324,0.78942216,T0,0
1.766876676,1,13.53375335,0.446657529,T0,1
3.803834628,3,17.60766926,0.897651959,T0,1
4.055631783,4,18.11126357,0.294398047,T0,0
7.828762963,7,25.65752593,0.961599537,T0,1
4.595437779,4,19.19087556,0.527561623,T0,0
6.452246327,6,22.90449265,0.593817226,T0,0
1.788319501,1,13.576639,0.18483747,T0,1
7.216779952,7,24.4335599,0.930012232,T0,1
8.481374074,8,26.96274815,0.643414332,T0,0
3.932139885,3,17.86427977,0.305164179,T0,1
1.480514479,1,12.96102896,0.759476281,T0,1
2.898413562,2,15.79682712,0.18341684,T0,0
3.880877078,3,17.76175416,0.970032666,T0,1
7.374080641,7,24.74816128,0.834983974,T0,1
,0,10.65554896,0.090928603,T0,0
8.435668255,8,26.87133651,0.085486874,T0,0
9.761930276,9,29.52386055,0.057215996,T0,1
,0,11.87223944,0.068367434,T0,0
9.47348177,9,28.94696354,0.889642083,T0,1
8.923196375,8,27.84639275,0.314939453,T0,0
8.673761608,8,27.34752322,0.656608764,T0,0
8.314998639,8,26.62999728,0.315215214,T0,0
4.854873212,4,19.70974642,0.891445438,T0,0
2.090706366,2,14.18141273,0.117239827,T0,0
,0,11.45319956,0.966979431,T0,0
3.979031363,3,17.95806273,0.77846797,T0,1
2.034103623,2,14.06820725,0.592555428,T0,0
5.136575746,5,20.27315149,0.269234826,T0,1
3.25872635,3,16.5174527,0.824931361,T0,1
2.206131568,2,14.41226314,0.518805495,T0,0
6.19819665,6,22.3963933,0.379698838,T0,0
6.251069824,6,22.50213965,0.57653285,T0,0
7.210939294,7,24.42187859,0.395792802,T0,1
5.392688387,5,20.78537677,0.087385053,T0,1
5.256683328,5,20.51336666,0.366932771,T0,1
5.18482361,5,20.36964722,0.989520107,T0,1
1.181987112,1,12.36397422,0.669239382,T0,1
7.964938165,7,25.92987633,0.116163763,T0,1
6.452466388,6,22.90493278,0.678309094,T0,0
3.934709614,3,17.86941923,0.138170309,T0,1
5.763737706,5,21.52747541,0.339054401,T0,1
2.710246285,2,15.42049257,0.779258187,T0,0
3.83127987,3,17.66255974,0.292264092,T0,1
5.242057493,5,20.48411499,0.517567338,T0,1
3.31858705,3,16.6371741,0.566653145,T0,1
4.827375558,4,19.65475112,0.077124701,T0,0
2.635827152,2,15.2716543,0.052331035,T0,0
6.721566498,6,23.443133,0.897797911,T0,0
7.092985111,7,24.18597022,0.921436175,T0,1
8.975171727,8,27.95034345,0.48753428,T0,0
6.457511482,6,22.91502296,0.907897198,T0,0
,0,10.86920775,0.603649432,T0,0
3.6373038,3,17.2746076,0.666278157,T0,1
7.995319029,7,25.99063806,0.209968008,T0,1
2.208523022,2,14.41704604,0.601208881,T0,0
2.071458783,2,14.14291757,0.127369468,T0,0
5.341974826,5,20.68394965,0.315826,T0,1
4.453715424,4,18.90743085,0.727696842,T0,0
1.866593202,1,13.7331864,0.037558778,T0,1
4.137140417,4,18.27428083,0.739938397,T0,0
7.384747524,7,24.76949505,0.418785367,T0,1
5.961251407,5,21.92250281,0.256909772,T0,1
,0,10.11619739,0.642579294,T0,0
8.185402964,8,26.37080593,0.548417135,T0,0
5.035841835,5,20.07168367,0.543498389,T0,1
1.617516341,1,13.23503268,0.794752084,T0,1
9.898970555,9,29.79794111,0.064843713,T0,1
7.251289716,7,24.50257943,0.787215117,T0,1
7.554005495,7,25.10801099,0.255174611,T0,1
1.250306415,1,12.50061283,0.38752848,T0,1
,0,11.63216063,0.609943984,T0,0
8.263628736,8,26.52725747,0.712775911,T0,0
1.536518609,1,13.07303722,0.554967701,T0,1
8.810380077,8,27.62076015,0.743894378,T0,0
1.114834812,1,12.22966962,0.766329865,T0,1
,0,11.34645472,0.649647129,T0,0
3.092546493,3,16.18509299,0.230960443,T0,1
7.355068803,7,24.71013761,0.348975934,T0,1
5.895530249,5,21.7910605,0.574983364,T0,1
2.55646874,2,15.11293748,0.922989752,T0,0
6.261166167,6,22.52233233,0.731552329,T0,0
,0,10.69313363,0.576727192,T0,0
4.627107968,4,19.25421594,0.330826195,T0,0
4.939293673,4,19.87858735,0.628374051,T0,0
1.855665364,1,13.71133073,0.125075962,T0,1
5.4987363,5,20.9974726,0.499484432,T0,1
,0,10.14278719,0.249065691,T0,0
7.137293361,7,24.27458672,0.332052812,T0,1
4.901597123,4,19.80319425,0.579349875,T0,0
9.075105769,9,28.15021154,0.344192684,T0,1
6.516790959,6,23.03358192,0.517167351,T0,0
8.949998846,8,27.89999769,0.268796219,T0,0
6.557822392,6,23.11564478,0.672327421,T0,0
5.65968083,5,21.31936166,0.478944915,T0,1
2.554306941,2,15.10861388,0.865376957,T0,0
3.161330396,3,16.32266079,0.183317384,T0,1
7.001058829,7,24.00211766,0.456093686,T0,1
8.905605334,8,27.81121067,0.961555428,T0,0
9.96967788,9,29.93935576,0.355038586,T0,1
1.257334654,1,12.51466931,0.925985107,T0,1
4.554824322,4,19.10964864,0.111843644,T0,0
6.692479478,6,23.38495896,0.434030034,T0,0
2.115536373,2,14.23107275,0.048682549,T0,0
6.448972479,6,22.89794496,0.705590765,T0,0
8.40985556,8,26.81971112,0.643425739,T0,0
5.692759791,5,21.38551958,0.878409524,T0,1
4.317481397,4,18.63496279,0.887814878,T0,0
3.029182304,3,16.05836461,0.473611904,T0,1
8.354393305,8,26.70878661,0.90467821,T0,0
5.711167955,5,21.42233591,0.456976217,T0,1
7.373894415,7,24.74778883,0.002944753,T0,1
1.400001746,1,12.80000349,0.855696165,T0,1
7.20314375,7,24.4062875,0.625248309,T0,1
8.973335481,8,27.94667096,0.245872326,T0,0
1.828093529,1,13.65618706,0.571606822,T0,1
8.125097348,8,26.2501947,0.686954018,T0,0
3.016312745,3,16.03262549,0.534616943,T0,1
3.728998657,3,17.45799731,0.803411437,T0,1
6.64034205,6,23.2806841,0.268905228,T0,0
,0,10.06960134,0.833293798,T0,0
6.992945153,6,23.98589031,0.046785646,T0,0
6.030530409,6,22.06106082,0.951828537,T0,0
3.264597893,3,16.52919579,0.030372769,T0,1
4.59192606,4,19.18385212,0.554703887,T0,0
1.838124937,1,13.67624987,0.183552804,T0,1
5.384899608,5,20.76979922,0.00027491,T0,1
,0,11.44752877,0.684060327,T0,0
6.227236736,6,22.45447347,0.13714217,T0,0
5.941185889,5,21.88237178,0.691069586,T0,1
1.636675058,1,13.27335012,0.750006172,T0,1
3.08342953,3,16.16685906,0.183025479,T0,1
3.024774015,3,16.04954803,0.121735773,T0,1
3.128272645,3,16.25654529,0.705716523,T0,1
5.631176504,5,21.26235301,0.621749463,T0,1
1.864816929,1,13.72963386,0.544055156,T0,1
9.505879783,9,29.01175957,0.005410866,T0,1
5.500396544,5,21.00079309,0.63516105,T0,1
,0,11.00351125,0.233344991,T0,0
8.345143958,8,26.69028792,0.697094247,T0,0
4.454129906,4,18.90825981,0.869759616,T0,0
6.422711289,6,22.84542258,0.179082483,T0,0
3.377631646,3,16.75526329,0.769437454,T0,1
3.161522607,3,16.32304521,0.398320945,T0,1
4.450348491,4,18.90069698,0.844731751,T0,0
4.445905829,4,18.89181166,0.769832935,T0,0
,0,11.92913833,0.043280498,T0,0
8.911491742,8,27.82298348,0.534695434,T0,0
7.824351658,7,25.64870332,0.988608236,T0,1
,0,10.98750026,0.978362872,T0,0
6.633829011,6,23.26765802,0.880998227,T0,0
5.572969497,5,21.14593899,0.727404615,T0,1
6.244173132,6,22.48834626,0.629735175,T0,0
6.80866639,6,23.61733278,0.450866797,T0,0
,0,11.34219571,0.047836181,T0,0
6.153223882,6,22.30644776,0.727287228,T0,0
7.986314531,7,25.97262906,0.51811704,T0,1
7.884208125,7,25.76841625,0.00276271,T0,1
6.663784354,6,23.32756871,0.78852166,T0,0
7.66412276,7,25.32824552,0.04372366,T0,1
6.437675227,6,22.87535045,0.485062002,T0,0
7.671203847,7,25.34240769,0.856681013,T0,1
6.13462001,6,22.26924002,0.52585974,T0,0
4.184345461,4,18.36869092,0.457433207,T0,0
2.95723163,2,15.91446326,0.078707463,T0,0
9.018893095,9,28.03778619,0.204285574,T0,1
,0,10.3905159,0.212459018,T0,0
8.143849739,8,26.28769948,0.427110488,T0,0
2.023034882,2,14.04606976,0.444133066,T0,0
6.355363411,6,22.71072682,0.717218491,T0,0
,0,10.33348646,0.046772768,T0,0
3.060752029,3,16.12150406,0.129770261,T0,1
3.357027154,3,16.71405431,0.700141188,T0,1
9.52303186,9,29.04606372,0.877590158,T0,1
4.252068109,4,18.50413622,0.059113363,T0,0
1.2249099,1,12.4498198,0.520786695,T0,1
,0,10.70056966,0.066076476,T0,0
2.104978499,2,14.209957,0.931038581,T0,0
5.636722245,5,21.27344449,0.238710963,T0,1
,0,11.69844827,0.259696248,T0,0
3.685128607,3,17.37025721,0.501541534,T0,1
1.93515627,1,13.87031254,0.593524787,T0,1
3.522068311,3,17.04413662,0.82432206,T0,1
2.316700548,2,14.6334011,0.930460179,T0,0
9.955805646,9,29.91161129,0.316503032,T0,1
7.261228487,7,24.52245697,0.740043012,T0,1
,0,10.6332692,0.019090438,T0,0
7.09893451,7,24.19786902,0.114545798,T0,1
8.533943485,8,27.06788697,0.365496424,T0,0
8.788854152,8,27.5777083,0.71875677,T0,0
8.500555401,8,27.0011108,0.402088597,T0,0
1.541909324,1,13.08381865,0.915654633,T0,1
4.831918233,4,19.66383647,0.093256526,T0,0
5.30353753,5,20.60707506,0.500912441,T0,1
3.191796104,3,16.38359221,0.106286833,T0,1
,0,11.39613339,0.577408453,T0,0
5.282598707,5,20.56519741,0.964809102,T0,1
4.463178903,4,18.92635781,0.907051577,T0,0
,0,11.42818462,0.091899074,T0,0
4.933872308,4,19.86774462,0.456045625,T0,0
,0,11.63074391,0.036750938,T0,0
6.449787357,6,22.89957471,0.222745933,T0,0
5.872839264,5,21.74567853,0.513782322,T0,1
8.051863436,8,26.10372687,0.650764191,T0,0
2.524259543,2,15.04851909,0.194395187,T0,0
1.27805788,1,12.55611576,0.529155117,T0,1
,0,10.1824404,0.360969796,T0,0
9.511751777,9,29.02350355,0.354563964,T0,1
4.50747983,4,19.01495966,0.639941037,T0,0
3.115334788,3,16.23066958,0.429422143,T0,1
8.523408738,8,27.04681748,0.655957944,T0,0
,0,11.3870943,0.555116849,T0,0
9.980955034,9,29.96191007,0.010395028,T0,1
3.805159036,3,17.61031807,0.042660744,T0,1
,0,10.94708049,0.804878968,T0,0
5.238432994,5,20.47686599,0.995377528,T0,1
8.843594227,8,27.68718845,0.591688155,T0,0
,0,11.0472533,0.126418024,T0,0
5.427581706,5,20.85516341,0.738393937,T0,1
1.03833348,1,12.07666696,0.029310454,T0,1
6.053598906,6,22.10719781,0.168470822,T0,0
4.716145391,4,19.43229078,0.967754098,T0,0
7.018173966,7,24.03634793,0.628923289,T0,1
8.422356958,8,26.84471392,0.536900138,T0,0
8.554244186,8,27.10848837,0.492563046,T0,0
5.11127508,5,20.22255016,0.926927554,T0,1
2.179931535,2,14.35986307,0.27460405,T0,0
2.16611641,2,14.33223282,0.017052232,T0,0
4.015905485,4,18.03181097,0.880869643,T0,0
9.770365592,9,29.54073118,0.53293816,T0,1
3.598119005,3,17.19623801,0.796075354,T0,1
7.560650029,7,25.12130006,0.746039215,T0,1
8.213025335,8,26.42605067,0.495782255,T0,0
2.494836213,2,14.98967243,0.199761252,T0,0
2.586428393,2,15.17285679,0.51162091,T0,0
3.895117148,3,17.7902343,0.597406081,T0,1
7.857385038,7,25.71477008,0.257762172,T0,1
8.115531461,8,26.23106292,0.258379065,T0,0
6.261508915,6,22.52301783,0.402628617,T0,0
1.543206402,1,13.0864128,0.885295358,T0,1
2.07748778,2,14.15497556,0.79995763,T0,0
2.818413764,2,15.63682753,0.560646126,T0,0
6.151631296,6,22.30326259,0.995327713,T0,0
,0,11.87951979,0.540702638,T0,0
4.798953349,4,19.5979067,0.677828355,T0,0
3.691535012,3,17.38307002,0.98164612,T0,1
4.146815633,4,18.29363127,0.022500676,T0,0
2.189235423,2,14.37847085,0.548294274,T0,0
4.842766812,4,19.68553362,0.447641122,T0,0
7.904361776,7,25.80872355,0.938847736,T0,1
5.973660666,5,21.94732133,0.358602361,T0,1
,0,11.72680981,0.507985754,T0,0
7.742697433,7,25.48539487,0.053654026,T0,1
,0,11.56636261,0.052719267,T0,0
6.478483648,6,22.9569673,0.563765391,T0,0
3.662628048,3,17.3252561,0.602298306,T0,1
5.271464091,5,20.54292818,0.113342057,T0,1
7.581708132,7,25.16341626,0.533274406,T0,1
9.368438373,9,28.73687675,0.436935543,T0,1
9.257656109,9,28.51531222,0.401191917,T0,1
6.354281441,6,22.70856288,0.860985946,T0,0
3.227589625,3,16.45517925,0.771384375,T0,1
9.254015007,9,28.50803001,0.171778749,T0,1
5.160505595,5,20.32101119,0.902360794,T0,1
5.705102789,5,21.41020558,0.76688128,T0,1
1.008897639,1,12.01779528,0.307259975,T0,1
6.031684607,6,22.06336921,0.290107714,T0,0
6.669581592,6,23.33916318,0.541900821,T0,0
1.050186535,1,12.10037307,0.661603646,T0,1
8.838392018,8,27.67678404,0.813156346,T0,0
3.798014926,3,17.59602985,0.827092359,T0,1
,0,10.93182938,0.556372007,T0,0
3.654340373,3,17.30868075,0.191578533,T0,1
2.15603978,2,14.31207956,0.863348995,T0,0
7.025061353,7,24.05012271,0.742097603,T0,1
5.176265678,5,20.35253136,0.303496764,T0,1
8.793810457,8,27.58762091,0.879315875,T0,0
6.331884575,6,22.66376915,0.647697063,T0,0
3.870299736,3,17.74059947,0.727496606,T0,1
6.876150302,6,23.7523006,0.546643631,T0,0
,0,11.41318815,0.598737444,T0,0
,0,11.84701132,0.687042784,T0,0
5.247414664,5,20.49482933,0.322441473,T0,1
7.431296527,7,24.86259305,0.283622637,T0,1
3.396288233,3,16.79257647,0.485194048,T0,1
7.943881464,7,25.88776293,0.341173112,T0,1
3.831642714,3,17.66328543,0.410530594,T0,1
8.624254305,8,27.24850861,0.561956334,T0,0
,0,10.5747688,0.660584302,T0,0
4.983370765,4,19.96674153,0.758191617,T0,0
7.808467146,7,25.61693429,0.530662846,T0,1
3.964587836,3,17.92917567,0.025401736,T0,1
,0,11.03516856,0.27673204,T0,0
6.017948232,6,22.03589646,0.665008589,T0,0
7.804920044,7,25.60984009,0.614390267,T0,1
1.283152166,1,12.56630433,0.503541308,T0,1
2.594272956,2,15.18854591,0.492923004,T0,0
1.510552627,1,13.02110525,0.441429737,T0,1
9.674135715,9,29.34827143,0.738254351,T0,1
8.496772734,8,26.99354547,0.254060075,T0,0
1.895842378,1,13.79168476,0.740238144,T0,1
8.947563427,8,27.89512685,0.619464143,T0,0
7.415146567,7,24.83029313,0.562650263,T0,1
5.667514503,5,21.33502901,0.340273152,T0,1
6.505550585,6,23.01110117,0.642570674,T0,0
4.019141267,4,18.03828253,0.67583961,T0,0
4.656618854,4,19.31323771,0.846935098,T0,0
7.99437099,7,25.98874198,0.769142554,T0,1
2.500487638,2,15.00097528,0.751187188,T0,0
8.31283125,8,26.6256625,0.968012249,T0,0
8.059569384,8,26.11913877,0.45311905,T0,0
3.380119853,3,16.76023971,0.469758084,T0,1
5.531918445,5,21.06383689,0.740251766,T0,1
8.467486601,8,26.9349732,0.154784799,T0,0
2.085915839,2,14.17183168,0.24682234,T0,0
7.004952336,7,24.00990467,0.351300705,T0,1
8.326998406,8,26.65399681,0.755030107,T0,0
8.474322359,8,26.94864472,0.23975098,T0,0
3.050751294,3,16.10150259,0.646484308,T0,1
9.949360025,9,29.89872005,0.572468386,T0,1
9.525193121,9,29.05038624,0.668023484,T0,1
2.836455184,2,15.67291037,0.17727545,T0,0
,0,10.04265585,0.120309526,T0,0
1.48290026,1,12.96580052,0.717046445,T0,1
8.397910967,8,26.79582193,0.4268751,T0,0
9.710632511,9,29.42126502,0.997937358,T0,1
6.779618715,6,23.55923743,0.640498021,T0,0
8.841914596,8,27.68382919,0.872304323,T0,0
5.645060306,5,21.29012061,0.458035811,T0,1
5.976682067,5,21.95336413,0.333446666,T0,1
2.59865442,2,15.19730884,0.611868406,T0,0
1.077990322,1,12.15598064,0.998167546,T0,1
6.1906913,6,22.3813826,0.212985377,T0,0
7.49611497,7,24.99222994,0.964026633,T0,1
,0,10.49523103,0.651043009,T0,0
7.217404799,7,24.4348096,0.646455846,T0,1
8.30556143,8,26.61112286,0.338375084,T0,0
9.116633778,9,28.23326756,0.932199856,T0,1
1.805884754,1,13.61176951,0.762666236,T0,1
9.739143982,9,29.47828796,0.386081741,T0,1
6.741164636,6,23.48232927,0.416612573,T0,0
,0,10.91075067,0.957807534,T0,0
,0,10.85048873,0.138084832,T0,0
3.212806987,3,16.42561397,0.91292009,T0,1
8.473145145,8,26.94629029,0.506616098,T0,0
1.450753025,1,12.90150605,0.417505953,T0,1
9.26152797,9,28.52305594,0.631228147,T0,1
8.820957714,8,27.64191543,0.931578454,T0,0
2.867756283,2,15.73551257,0.889165133,T0,0
6.197527287,6,22.39505457,0.309791559,T0,0
,0,10.18772847,0.718562069,T0,0
3.01091591,3,16.02183182,0.203797781,T0,1
6.55372037,6,23.10744074,0.540841062,T0,0
2.70406849,2,15.40813698,0.285877766,T0,0
3.739443823,3,17.47888765,0.0769767,T0,1
8.356085035,8,26.71217007,0.043162264,T0,0
6.000606324,6,22.00121265,0.489096915,T0,0
,0,10.48657515,0.883937796,T0,0
4.405961524,4,18.81192305,0.743945403,T0,0
,0,10.18613253,0.389064061,T0,0
8.92032592,8,27.84065184,0.069466444,T0,0
,0,10.98945507,0.076210463,T0,0
9.451950038,9,28.90390008,0.349411895,T0,1
,0,10.6589146,0.198713639,T0,0
6.454641013,6,22.90928203,0.458390469,T0,0
8.728525273,8,27.45705055,0.254811549,T0,0
3.420071423,3,16.84014285,0.431686421,T0,1
6.889891637,6,23.77978327,0.79479233,T0,0
3.03595701,3,16.07191402,0.755167321,T0,1
6.436948698,6,22.8738974,0.697427417,T0,0
2.394481933,2,14.78896387,0.936972592,T0,0
2.385369797,2,14.77073959,0.200492032,T0,0
2.065640685,2,14.13128137,0.326388607,T0,0
,0,10.91058163,0.480517432,T0,0
9.545698473,9,29.09139695,0.855342469,T0,1
,0,11.59766999,0.030070327,T0,0
1.507541012,1,13.01508202,0.690755875,T0,1
1.13978442,1,12.27956884,0.938346781,T0,1
1.248900433,1,12.49780087,0.542556473,T0,1
9.385280836,9,28.77056167,0.277753844,T0,1
8.545504299,8,27.0910086,0.224787745,T0,0
5.062150871,5,20.12430174,0.136395394,T0,1
6.236367603,6,22.47273521,0.746621359,T0,0
2.533573548,2,15.0671471,0.802487683,T0,0
,0,10.27723251,0.145231233,T0,0
1.130280112,1,12.26056022,0.937510134,T0,1
4.704527259,4,19.40905452,0.967426862,T0,0
4.988301798,4,19.9766036,0.202261668,T0,0
1.977177509,1,13.95435502,0.514497574,T0,1
6.049559818,6,22.09911964,0.966576131,T0,0
2.221694563,2,14.44338913,0.9625199,T0,0
1.443270245,1,12.88654049,0.232207443,T0,1
6.100755585,6,22.20151117,0.400878756,T0,0
6.108354326,6,22.21670865,0.89671732,T0,0
3.531834208,3,17.06366842,0.785621816,T0,1
9.805668134,9,29.61133627,0.853881049,T0,1
4.620049998,4,19.2401,0.357456326,T0,0
